CNPJ,DT_REFER,TIPO_RELATORIO,ANO,VERSAO,ANO_REFER
00000000000191,2021-12-31,Sem Ressalva,2021,2,2021
00000208000100,2021-12-31,Sem Ressalva,2021,3,2021
00001180000126,2021-12-31,Sem Ressalva,2021,1,2021
00070698000111,2021-12-31,Sem Ressalva,2021,2,2021
00080671000100,2021-12-31,Sem Ressalva,2021,1,2021
00192769000159,2021-12-31,Sem Ressalva,2021,1,2021
00194724000113,2021-12-31,Sem Ressalva,2021,2,2021
00242184000104,2021-12-31,Sem Ressalva,2021,1,2021
00272185000193,2021-12-31,Sem Ressalva,2021,1,2021
00336701000104,2021-12-31,Sem Ressalva,2021,1,2021
00359742000108,2021-12-31,Sem Ressalva,2021,1,2021
00383281000109,2021-12-31,Sem Ressalva,2021,1,2021
00389481000179,2021-12-31,Sem Ressalva,2021,1,2021
00416968000101,2021-12-31,Sem Ressalva,2021,3,2021
00545378000170,2021-12-31,Sem Ressalva,2021,1,2021
00622416000141,2021-12-31,Sem Ressalva,2021,1,2021
00644907000193,2021-12-31,Sem Ressalva,2021,1,2021
00743065000127,2021-12-31,Sem Ressalva,2021,1,2021
00776574000156,2021-12-31,Sem Ressalva,2021,1,2021
00864214000106,2021-12-31,Sem Ressalva,2021,5,2021
00897864000158,2021-12-31,Com Ressalva,2021,1,2021
00924429000175,2021-12-31,Sem Ressalva,2021,1,2021
00938574000105,2021-12-31,Sem Ressalva,2021,1,2021
00974211000125,2021-12-31,Sem Ressalva,2021,1,2021
00979969000156,2021-12-31,Sem Ressalva,2021,1,2021
01027058000191,2021-12-31,Sem Ressalva,2021,2,2021
01083200000118,2021-12-31,Sem Ressalva,2021,1,2021
01104937000170,2021-12-31,Sem Ressalva,2021,5,2021
01107327000120,2021-12-31,Sem Ressalva,2021,1,2021
01258944000126,2021-12-31,Sem Ressalva,2021,1,2021
01319044000141,2021-12-31,Sem Ressalva,2021,1,2021
01417222000177,2021-12-31,Sem Ressalva,2021,1,2021
01468594000122,2021-12-31,Sem Ressalva,2021,1,2021
01543032000104,2021-12-31,Sem Ressalva,2021,1,2021
01545826000107,2021-12-31,Sem Ressalva,2021,1,2021
01548981000179,2021-12-31,Sem Ressalva,2021,1,2021
01599101000193,2021-12-31,Sem Ressalva,2021,1,2021
01616929000102,2021-12-31,Sem Ressalva,2021,3,2021
01838723000127,2021-12-31,Sem Ressalva,2021,1,2021
01851771000155,2021-12-31,Sem Ressalva,2021,2,2021
01896779000138,2021-12-31,Sem Ressalva,2021,2,2021
01917818000136,2021-12-31,Sem Ressalva,2021,1,2021
01938783000111,2021-12-31,Sem Ressalva,2021,1,2021
01957772000189,2021-12-31,Sem Ressalva,2021,1,2021
01968293000168,2021-12-31,Sem Ressalva,2021,1,2021
01971614000183,2021-12-31,Sem Ressalva,2021,1,2021
01989044000159,2021-12-31,Sem Ressalva,2021,2,2021
02016440000162,2021-12-31,Sem Ressalva,2021,1,2021
02041460000193,2021-12-31,Sem Ressalva,2021,1,2021
02062747000108,2021-12-31,Sem Ressalva,2021,1,2021
02105040000123,2021-12-31,Sem Ressalva,2021,1,2021
02149205000169,2021-12-31,Sem Ressalva,2021,1,2021
02162616000194,2021-12-31,Negativa de Opinião,2021,1,2021
02193750000152,2021-12-31,Sem Ressalva,2021,1,2021
02201787000185,2021-12-31,Sem Ressalva,2021,1,2021
02217319000107,2021-12-31,Sem Ressalva,2021,1,2021
02255187000108,2021-12-31,Sem Ressalva,2021,1,2021
02258422000197,2021-12-31,Sem Ressalva,2021,1,2021
02281836000137,2021-12-31,Sem Ressalva,2021,2,2021
02286479000108,2021-12-31,Sem Ressalva,2021,1,2021
02291077000193,2021-12-31,Sem Ressalva,2021,1,2021
02302100000106,2021-12-31,Sem Ressalva,2021,1,2021
02302101000142,2021-12-31,Sem Ressalva,2021,1,2021
02328280000197,2021-12-31,Sem Ressalva,2021,1,2021
02338534000158,2021-12-31,Sem Ressalva,2021,1,2021
02351144000118,2021-12-31,Sem Ressalva,2021,1,2021
02351877000152,2021-12-31,Sem Ressalva,2021,2,2021
02357251000153,2021-12-31,Sem Ressalva,2021,1,2021
02365069000144,2021-12-31,Sem Ressalva,2021,1,2021
02382073000110,2021-12-31,Sem Ressalva,2021,1,2021
02387241000160,2021-12-31,Sem Ressalva,2021,1,2021
02397080000196,2021-12-31,Sem Ressalva,2021,1,2021
02415408000150,2021-12-31,Sem Ressalva,2021,1,2021
02421421000111,2021-12-31,Sem Ressalva,2021,2,2021
02429144000193,2021-12-31,Sem Ressalva,2021,1,2021
02451848000162,2021-12-31,Sem Ressalva,2021,1,2021
02474103000119,2021-12-31,Sem Ressalva,2021,1,2021
02502844000166,2021-12-31,Sem Ressalva,2021,1,2021
02509186000134,2021-12-31,Sem Ressalva,2021,1,2021
02509491000126,2021-12-31,Sem Ressalva,2021,1,2021
02558157000162,2021-12-31,Sem Ressalva,2021,1,2021
02560878000107,2021-12-31,Sem Ressalva,2021,1,2021
02591787000139,2021-12-31,Sem Ressalva,2021,1,2021
02600854000134,2021-12-31,Sem Ressalva,2021,1,2021
02635522000195,2021-03-31,Sem Ressalva,2021,1,2021
02643896000152,2021-12-31,Sem Ressalva,2021,1,2021
02664042000152,2021-12-31,Sem Ressalva,2021,1,2021
02682287000102,2021-12-31,Sem Ressalva,2021,1,2021
02724983000134,2021-12-31,Sem Ressalva,2021,1,2021
02736470000143,2021-12-31,Sem Ressalva,2021,1,2021
02762113000150,2021-12-31,Sem Ressalva,2021,1,2021
02762121000104,2021-12-31,Sem Ressalva,2021,1,2021
02762124000130,2021-12-31,Sem Ressalva,2021,2,2021
02773542000122,2021-12-31,Sem Ressalva,2021,2,2021
02783423000150,2021-12-31,Sem Ressalva,2021,1,2021
02796775000140,2021-12-31,Sem Ressalva,2021,1,2021
02800026000140,2021-12-31,Sem Ressalva,2021,1,2021
02846056000197,2021-12-31,Sem Ressalva,2021,1,2021
02860694000162,2021-12-31,Sem Ressalva,2021,1,2021
02916265000160,2021-12-31,Sem Ressalva,2021,1,2021
02919555000167,2021-12-31,Sem Ressalva,2021,2,2021
02932074000191,2021-12-31,Sem Ressalva,2021,1,2021
02950811000189,2021-12-31,Sem Ressalva,2021,1,2021
02992449000109,2021-12-31,Sem Ressalva,2021,1,2021
02998301000181,2021-12-31,Sem Ressalva,2021,1,2021
02998611000104,2021-12-31,Sem Ressalva,2021,1,2021
03014553000191,2021-12-31,Sem Ressalva,2021,1,2021
03025305000146,2021-12-31,Sem Ressalva,2021,1,2021
03207703000183,2021-12-31,Sem Ressalva,2021,1,2021
03220438000173,2021-12-31,Sem Ressalva,2021,2,2021
03303999000136,2021-12-31,Com Ressalva,2021,1,2021
03342704000130,2021-12-31,Sem Ressalva,2021,3,2021
03378521000175,2021-12-31,Sem Ressalva,2021,1,2021
03467321000199,2021-12-31,Sem Ressalva,2021,2,2021
03494776000101,2021-12-31,Sem Ressalva,2021,1,2021
03538833000107,2021-12-31,Sem Ressalva,2021,1,2021
03758318000124,2021-12-31,Sem Ressalva,2021,1,2021
03767538000114,2021-12-31,Sem Ressalva,2021,1,2021
03795050000109,2021-12-31,Sem Ressalva,2021,1,2021
03802115000198,2021-12-31,Sem Ressalva,2021,1,2021
03818379000130,2021-12-31,Sem Ressalva,2021,1,2021
03820456000196,2021-12-31,Sem Ressalva,2021,1,2021
03847461000192,2021-12-31,Sem Ressalva,2021,1,2021
03853896000140,2021-12-31,Sem Ressalva,2021,1,2021
03953509000147,2021-12-31,Sem Ressalva,2021,1,2021
03983431000103,2021-12-31,Sem Ressalva,2021,1,2021
04030182000102,2021-12-31,Sem Ressalva,2021,1,2021
04031213000131,2021-12-31,Sem Ressalva,2021,1,2021
04032433000180,2021-12-31,Sem Ressalva,2021,1,2021
04038763000182,2021-12-31,Sem Ressalva,2021,1,2021
04065791000199,2021-12-31,Sem Ressalva,2021,1,2021
04069709000102,2021-12-31,Sem Ressalva,2021,1,2021
04089570000150,2021-12-31,Sem Ressalva,2021,1,2021
04149454000180,2021-12-31,Sem Ressalva,2021,3,2021
04172213000151,2021-12-31,Sem Ressalva,2021,1,2021
04200649000107,2021-12-31,Sem Ressalva,2021,1,2021
04233319000118,2021-12-31,Sem Ressalva,2021,1,2021
04368865000166,2021-12-31,Sem Ressalva,2021,1,2021
04368898000106,2021-12-31,Sem Ressalva,2021,1,2021
04370282000170,2021-12-31,Sem Ressalva,2021,1,2021
04423567000121,2021-12-31,Sem Ressalva,2021,1,2021
04437534000130,2021-12-31,Sem Ressalva,2021,1,2021
04739720000124,2021-12-31,Sem Ressalva,2021,1,2021
04752991000110,2021-12-31,Sem Ressalva,2021,1,2021
04821041000108,2021-12-31,Sem Ressalva,2021,1,2021
04895728000180,2021-12-31,Sem Ressalva,2021,2,2021
04902979000144,2021-12-31,Sem Ressalva,2021,1,2021
04912242000102,2021-12-31,Com Ressalva,2021,1,2021
04913711000108,2021-12-31,Sem Ressalva,2021,2,2021
04972092000122,2021-12-31,Sem Ressalva,2021,1,2021
04986320000113,2021-12-31,Sem Ressalva,2021,1,2021
04992714000184,2021-12-31,Sem Ressalva,2021,1,2021
05197443000138,2021-12-31,Sem Ressalva,2021,1,2021
05303439000107,2021-12-31,Sem Ressalva,2021,1,2021
05336882000184,2021-12-31,Sem Ressalva,2021,1,2021
05347060000107,2021-12-31,Sem Ressalva,2021,1,2021
05878397000132,2021-12-31,Sem Ressalva,2021,1,2021
05889284000132,2021-12-31,Sem Ressalva,2021,1,2021
05917486000140,2021-12-31,Sem Ressalva,2021,1,2021
06016348000153,2021-12-31,Sem Ressalva,2021,1,2021
06047087000139,2021-12-31,Sem Ressalva,2021,1,2021
06057223000171,2021-12-31,Sem Ressalva,2021,1,2021
06164253000187,2021-12-31,Sem Ressalva,2021,1,2021
06272793000184,2021-12-31,Sem Ressalva,2021,3,2021
06347409000165,2021-12-31,Sem Ressalva,2021,1,2021
06626253000151,2021-12-31,Sem Ressalva,2021,1,2021
06977745000191,2021-12-31,Sem Ressalva,2021,2,2021
06977751000149,2021-12-31,Sem Ressalva,2021,2,2021
06981176000158,2021-12-31,Sem Ressalva,2021,1,2021
06981180000116,2021-12-31,Sem Ressalva,2021,1,2021
06981381000113,2021-03-31,Sem Ressalva,2021,1,2021
07040108000157,2021-12-31,Sem Ressalva,2021,1,2021
07043628000113,2021-12-31,Sem Ressalva,2021,1,2021
07047251000170,2021-12-31,Sem Ressalva,2021,1,2021
07119838000148,2021-12-31,Sem Ressalva,2021,1,2021
07206816000115,2021-12-31,Sem Ressalva,2021,1,2021
07237373000120,2021-12-31,Sem Ressalva,2021,1,2021
07253321000147,2021-12-31,Sem Ressalva,2021,1,2021
07275159000168,2021-12-31,Sem Ressalva,2021,1,2021
07282377000120,2021-12-31,Sem Ressalva,2021,1,2021
07334600000135,2021-12-31,Sem Ressalva,2021,1,2021
07401436000131,2021-12-31,Sem Ressalva,2021,1,2021
07415333000120,2021-12-31,Sem Ressalva,2021,3,2021
07437016000105,2021-12-31,Sem Ressalva,2021,2,2021
07526557000100,2021-12-31,Sem Ressalva,2021,1,2021
07587384000130,2021-12-31,Sem Ressalva,2021,1,2021
07594978000178,2021-12-31,Sem Ressalva,2021,2,2021
07628528000159,2021-06-30,Sem Ressalva,2021,1,2021
07636657000199,2021-12-31,Sem Ressalva,2021,1,2021
07659538000151,2021-12-31,Sem Ressalva,2021,1,2021
07689002000189,2021-12-31,Sem Ressalva,2021,1,2021
07704246000193,2021-12-31,Sem Ressalva,2021,2,2021
07718269000157,2021-12-31,Sem Ressalva,2021,1,2021
07802794000156,2021-12-31,Sem Ressalva,2021,1,2021
07816890000153,2021-12-31,Sem Ressalva,2021,1,2021
07820907000146,2021-12-31,Sem Ressalva,2021,1,2021
07823262000103,2021-12-31,Sem Ressalva,2021,1,2021
07857093000114,2021-12-31,Sem Ressalva,2021,1,2021
07857850000150,2021-12-31,Sem Ressalva,2021,2,2021
07859510000168,2021-12-31,Sem Ressalva,2021,1,2021
07859971000130,2021-12-31,Sem Ressalva,2021,2,2021
07882930000165,2021-12-31,Sem Ressalva,2021,1,2021
07950674000104,2021-12-31,Negativa de Opinião,2021,1,2021
07976147000160,2021-12-31,Sem Ressalva,2021,1,2021
08065557000112,2021-12-31,Sem Ressalva,2021,1,2021
08070508000178,2021-03-31,Sem Ressalva,2021,1,2021
08078847000109,2021-12-31,Sem Ressalva,2021,1,2021
08159965000133,2021-12-31,Sem Ressalva,2021,1,2021
08170849000115,2021-12-31,Sem Ressalva,2021,1,2021
08213823000107,2021-12-31,Sem Ressalva,2021,1,2021
08294224000165,2021-12-31,Sem Ressalva,2021,1,2021
08312229000173,2021-12-31,Sem Ressalva,2021,1,2021
08322396000103,2021-03-31,Sem Ressalva,2021,1,2021
08324196000181,2021-12-31,Sem Ressalva,2021,1,2021
08343492000120,2021-12-31,Sem Ressalva,2021,2,2021
08364948000138,2021-12-31,Sem Ressalva,2021,1,2021
08397078000101,2021-12-31,Sem Ressalva,2021,1,2021
08402943000152,2021-12-31,Sem Ressalva,2021,1,2021
08424178000171,2021-12-31,Sem Ressalva,2021,2,2021
08439659000150,2021-12-31,Sem Ressalva,2021,1,2021
08467115000100,2021-12-31,Sem Ressalva,2021,2,2021
08493364000162,2021-03-31,Sem Ressalva,2021,1,2021
08534605000174,2021-12-31,Sem Ressalva,2021,1,2021
08560444000193,2021-12-31,Sem Ressalva,2021,2,2021
08574411000100,2021-12-31,Sem Ressalva,2021,1,2021
08613550000198,2021-12-31,Sem Ressalva,2021,2,2021
08764621000153,2021-12-31,Sem Ressalva,2021,1,2021
08769451000108,2021-12-31,Sem Ressalva,2021,1,2021
08773135000100,2021-12-31,Sem Ressalva,2021,2,2021
08773191000136,2021-12-31,Sem Ressalva,2021,2,2021
08795211000170,2021-12-31,Sem Ressalva,2021,1,2021
08797760000183,2021-12-31,Sem Ressalva,2021,2,2021
08801621000186,2021-12-31,Sem Ressalva,2021,2,2021
08807432000110,2021-12-31,Sem Ressalva,2021,1,2021
08810422000134,2021-12-31,Sem Ressalva,2021,1,2021
08811643000127,2021-12-31,Sem Ressalva,2021,1,2021
08822767000108,2021-12-31,Sem Ressalva,2021,1,2021
08827501000158,2021-12-31,Sem Ressalva,2021,1,2021
08873873000110,2021-12-31,Sem Ressalva,2021,1,2021
08902291000115,2021-12-31,Sem Ressalva,2021,1,2021
08926302000105,2021-12-31,Sem Ressalva,2021,2,2021
08935054000150,2021-12-31,Sem Ressalva,2021,1,2021
08937002000113,2021-12-31,Sem Ressalva,2021,1,2021
09041168000110,2021-12-31,Sem Ressalva,2021,1,2021
09042817000105,2021-12-31,Sem Ressalva,2021,1,2021
09053134000145,2021-12-31,Sem Ressalva,2021,1,2021
09054385000144,2021-12-31,Com Ressalva,2021,1,2021
09074183000164,2021-12-31,Sem Ressalva,2021,1,2021
09095183000140,2021-12-31,Sem Ressalva,2021,1,2021
09112685000132,2021-12-31,Sem Ressalva,2021,1,2021
09114805000130,2021-12-31,Sem Ressalva,2021,2,2021
09116278000101,2021-12-31,Com Ressalva,2021,1,2021
09146451000106,2021-12-31,Sem Ressalva,2021,1,2021
09149503000106,2021-12-31,Sem Ressalva,2021,1,2021
09229201000130,2021-12-31,Sem Ressalva,2021,1,2021
09257877000137,2021-12-31,Sem Ressalva,2021,1,2021
09267996000170,2021-12-31,Sem Ressalva,2021,1,2021
09288252000132,2021-12-31,Sem Ressalva,2021,1,2021
09295063000197,2021-12-31,Sem Ressalva,2021,1,2021
09304427000158,2021-12-31,Sem Ressalva,2021,1,2021
09305994000129,2021-12-31,Sem Ressalva,2021,1,2021
09313969000197,2021-12-31,Sem Ressalva,2021,1,2021
09324949000111,2021-12-31,Sem Ressalva,2021,1,2021
09325109000173,2021-12-31,Sem Ressalva,2021,1,2021
09326342000170,2021-12-31,Sem Ressalva,2021,1,2021
09336431000106,2021-12-31,Sem Ressalva,2021,1,2021
09346601000125,2021-12-31,Sem Ressalva,2021,1,2021
09347516000181,2021-12-31,Sem Ressalva,2021,1,2021
09359927000197,2021-12-31,Sem Ressalva,2021,1,2021
09391823000160,2021-12-31,Sem Ressalva,2021,1,2021
09414761000164,2021-12-31,Sem Ressalva,2021,2,2021
09527023000123,2021-12-31,Sem Ressalva,2021,1,2021
09538973000153,2021-12-31,Sem Ressalva,2021,1,2021
09584854000137,2021-12-31,Sem Ressalva,2021,1,2021
09611768000176,2021-12-31,Sem Ressalva,2021,3,2021
09625321000156,2021-12-31,Sem Ressalva,2021,1,2021
09813204000116,2021-12-31,Sem Ressalva,2021,1,2021
10139870000108,2021-12-31,Sem Ressalva,2021,1,2021
10215988000160,2021-12-31,Sem Ressalva,2021,1,2021
10234027000100,2021-12-31,Sem Ressalva,2021,1,2021
10240186000100,2021-12-31,Sem Ressalva,2021,1,2021
10285590000108,2021-12-31,Sem Ressalva,2021,1,2021
10319900000150,2021-12-31,Sem Ressalva,2021,1,2021
10324624000118,2021-12-31,Sem Ressalva,2021,1,2021
10338320000100,2021-12-31,Sem Ressalva,2021,1,2021
10440482000154,2021-12-31,Sem Ressalva,2021,1,2021
10452416000102,2021-12-31,Sem Ressalva,2021,1,2021
10464223000163,2021-12-31,Sem Ressalva,2021,1,2021
10488244000119,2021-12-31,Sem Ressalva,2021,1,2021
10502676000137,2021-12-31,Sem Ressalva,2021,1,2021
10531501000158,2021-12-31,Sem Ressalva,2021,1,2021
10571175000102,2021-12-31,Sem Ressalva,2021,1,2021
10608405000160,2021-12-31,Sem Ressalva,2021,1,2021
10629105000168,2021-12-31,Sem Ressalva,2021,1,2021
10635691000153,2021-12-31,Sem Ressalva,2021,1,2021
10647979000148,2021-12-31,Sem Ressalva,2021,1,2021
10670314000155,2021-12-31,Sem Ressalva,2021,2,2021
10678505000163,2021-12-31,Negativa de Opinião,2021,1,2021
10739356000103,2021-12-31,Sem Ressalva,2021,2,2021
10753164000143,2021-12-31,Sem Ressalva,2021,1,2021
10760260000119,2021-12-31,Sem Ressalva,2021,1,2021
10807374000177,2021-12-31,Sem Ressalva,2021,2,2021
10835932000108,2021-12-31,Sem Ressalva,2021,1,2021
10841050000155,2021-12-31,Sem Ressalva,2021,1,2021
10851805000100,2021-12-31,Sem Ressalva,2021,1,2021
11257352000143,2021-12-31,Sem Ressalva,2021,1,2021
11274829000107,2021-12-31,Sem Ressalva,2021,1,2021
11284204000118,2021-12-31,Sem Ressalva,2021,1,2021
11421994000136,2021-12-31,Sem Ressalva,2021,2,2021
11669021000110,2021-12-31,Sem Ressalva,2021,2,2021
11716471000117,2021-12-31,Sem Ressalva,2021,1,2021
11721921000160,2021-12-31,Sem Ressalva,2021,1,2021
11725176000127,2021-12-31,Sem Ressalva,2021,4,2021
11992680000193,2021-12-31,Sem Ressalva,2021,1,2021
12049631000184,2021-12-31,Sem Ressalva,2021,1,2021
12091809000155,2021-12-31,Sem Ressalva,2021,1,2021
12104241000402,2021-12-31,Sem Ressalva,2021,1,2021
12108897000150,2021-12-31,Sem Ressalva,2021,2,2021
12130744000100,2021-12-31,Sem Ressalva,2021,1,2021
12139922000163,2021-12-31,Sem Ressalva,2021,1,2021
12181987000177,2021-12-31,Sem Ressalva,2021,1,2021
12261588000116,2021-12-31,Sem Ressalva,2021,1,2021
12300288000107,2021-12-31,Sem Ressalva,2021,1,2021
12320349000190,2021-12-31,Sem Ressalva,2021,1,2021
12420164000157,2021-12-31,Sem Ressalva,2021,2,2021
12489315000123,2021-12-31,Sem Ressalva,2021,1,2021
12528708000107,2021-12-31,Sem Ressalva,2021,1,2021
12592831000189,2021-12-31,Sem Ressalva,2021,1,2021
12648266000124,2021-12-31,Sem Ressalva,2021,1,2021
12648327000153,2021-12-31,Sem Ressalva,2021,1,2021
12919786000124,2021-12-31,Sem Ressalva,2021,1,2021
12979898000170,2021-12-31,Sem Ressalva,2021,1,2021
13009717000146,2021-12-31,Sem Ressalva,2021,1,2021
13017462000163,2021-12-31,Sem Ressalva,2021,1,2021
13217485000111,2021-12-31,Sem Ressalva,2021,1,2021
13270520000166,2021-12-31,Sem Ressalva,2021,1,2021
13349677000181,2021-12-31,Sem Ressalva,2021,1,2021
13444994000187,2021-12-31,Com Ressalva,2021,1,2021
13457942000145,2021-12-31,Sem Ressalva,2021,1,2021
13522948000159,2021-12-31,Sem Ressalva,2021,1,2021
13574594000196,2021-12-31,Sem Ressalva,2021,1,2021
13584310000142,2021-12-31,Sem Ressalva,2021,1,2021
13783221000478,2021-12-31,Sem Ressalva,2021,2,2021
14110585000107,2021-12-31,Sem Ressalva,2021,1,2021
14127813000151,2021-12-31,Sem Ressalva,2021,1,2021
14191427000129,2021-12-31,Sem Ressalva,2021,1,2021
14388334000199,2021-12-31,Sem Ressalva,2021,1,2021
14776142000150,2021-12-31,Sem Ressalva,2021,1,2021
14785152000151,2021-12-31,Sem Ressalva,2021,1,2021
14807945000124,2021-12-31,Sem Ressalva,2021,1,2021
14876090000193,2021-12-31,Sem Ressalva,2021,1,2021
14882295000181,2021-12-31,Sem Ressalva,2021,2,2021
14998371000119,2021-12-31,Sem Ressalva,2021,1,2021
15073274000188,2021-12-31,Sem Ressalva,2021,2,2021
15090690000194,2021-12-31,Sem Ressalva,2021,1,2021
15101405000193,2021-12-31,Sem Ressalva,2021,1,2021
15115504000124,2021-12-31,Sem Ressalva,2021,1,2021
15139629000194,2021-12-31,Sem Ressalva,2021,1,2021
15141799000103,2021-12-31,Sem Ressalva,2021,1,2021
15144017000190,2021-12-31,Sem Ressalva,2021,2,2021
15229110000105,2021-12-31,Sem Ressalva,2021,1,2021
15377572000161,2021-12-31,Com Ressalva,2021,1,2021
15413826000150,2021-12-31,Sem Ressalva,2021,1,2021
15484093000144,2021-12-31,Sem Ressalva,2021,1,2021
15494541000190,2021-12-31,Sem Ressalva,2021,1,2021
15527906000136,2021-03-31,Sem Ressalva,2021,2,2021
15578569000106,2021-12-31,Sem Ressalva,2021,1,2021
15675715000111,2021-12-31,Sem Ressalva,2021,1,2021
15688041000190,2021-12-31,Sem Ressalva,2021,1,2021
16233389000155,2021-12-31,Sem Ressalva,2021,1,2021
16234171000115,2021-12-31,Sem Ressalva,2021,1,2021
16404287000155,2021-12-31,Sem Ressalva,2021,1,2021
16590234000176,2021-12-31,Sem Ressalva,2021,2,2021
16614075000100,2021-12-31,Sem Ressalva,2021,1,2021
16670085000155,2021-12-31,Sem Ressalva,2021,1,2021
16676520000159,2021-12-31,Sem Ressalva,2021,1,2021
16811931000100,2021-12-31,Sem Ressalva,2021,2,2021
16838421000126,2021-12-31,Sem Ressalva,2021,1,2021
16922038000151,2021-12-31,Sem Ressalva,2021,1,2021
17155730000164,2021-12-31,Sem Ressalva,2021,1,2021
17159005000164,2021-12-31,Sem Ressalva,2021,1,2021
17159229000176,2021-12-31,Sem Ressalva,2021,2,2021
17161241000115,2021-12-31,Sem Ressalva,2021,1,2021
17162082000173,2021-12-31,Negativa de Opinião,2021,1,2021
17167396000169,2021-12-31,Sem Ressalva,2021,1,2021
17167412000113,2021-12-31,Sem Ressalva,2021,1,2021
17184037000110,2021-12-31,Sem Ressalva,2021,3,2021
17193806000146,2021-12-31,Sem Ressalva,2021,1,2021
17234244000131,2021-12-31,Sem Ressalva,2021,1,2021
17245234000100,2021-12-31,Sem Ressalva,2021,2,2021
17281106000103,2021-12-31,Com Ressalva,2021,3,2021
17314329000120,2021-12-31,Sem Ressalva,2021,1,2021
17344597000194,2021-12-31,Sem Ressalva,2021,1,2021
17359233000188,2021-12-31,Sem Ressalva,2021,1,2021
17943792000130,2021-12-31,Sem Ressalva,2021,1,2021
18174270000184,2021-12-31,Sem Ressalva,2021,2,2021
18328118000109,2021-12-31,Sem Ressalva,2021,2,2021
18483666000103,2021-12-31,Sem Ressalva,2021,1,2021
18494485000182,2021-12-31,Sem Ressalva,2021,1,2021
18572225000188,2021-12-31,Sem Ressalva,2021,1,2021
18593815000197,2021-12-31,Sem Ressalva,2021,1,2021
18903785000178,2021-12-31,Sem Ressalva,2021,1,2021
19014221000147,2021-12-31,Sem Ressalva,2021,1,2021
19208022000170,2021-12-31,Sem Ressalva,2021,1,2021
19276528000116,2021-12-31,Sem Ressalva,2021,1,2021
19296342000129,2021-12-31,Sem Ressalva,2021,1,2021
19378769000176,2021-12-31,Sem Ressalva,2021,1,2021
19403252000190,2021-12-31,Sem Ressalva,2021,1,2021
19521322000104,2021-12-31,Sem Ressalva,2021,1,2021
19526748000150,2021-12-31,Sem Ressalva,2021,1,2021
19527586000175,2021-12-31,Sem Ressalva,2021,1,2021
19527639000158,2021-12-31,Sem Ressalva,2021,1,2021
19642306000170,2021-12-31,Sem Ressalva,2021,1,2021
19726048000100,2021-12-31,Sem Ressalva,2021,1,2021
19796586000170,2021-12-31,Sem Ressalva,2021,1,2021
19851496000135,2021-12-31,Sem Ressalva,2021,2,2021
20247322000147,2021-12-31,Sem Ressalva,2021,2,2021
20258278000170,2021-12-31,Sem Ressalva,2021,1,2021
20451953000183,2021-12-31,Sem Ressalva,2021,1,2021
20512706000140,2021-12-31,Sem Ressalva,2021,1,2021
20514555000169,2021-12-31,Sem Ressalva,2021,1,2021
20514590000188,2021-12-31,Sem Ressalva,2021,1,2021
21110778000123,2021-12-31,Sem Ressalva,2021,1,2021
21240146000184,2021-12-31,Sem Ressalva,2021,1,2021
21254073000180,2021-12-31,Sem Ressalva,2021,1,2021
21255567000189,2021-12-31,Sem Ressalva,2021,1,2021
21262638000170,2021-12-31,Sem Ressalva,2021,2,2021
21314559000166,2021-12-31,Sem Ressalva,2021,2,2021
21331849000118,2021-12-31,Sem Ressalva,2021,1,2021
21389501000181,2021-12-31,Sem Ressalva,2021,1,2021
21414457000112,2021-12-31,Sem Ressalva,2021,1,2021
21610416000100,2021-12-31,Sem Ressalva,2021,1,2021
21728083000100,2021-12-31,Sem Ressalva,2021,1,2021
21948105000147,2021-12-31,Sem Ressalva,2021,1,2021
21976484000189,2021-12-31,Sem Ressalva,2021,1,2021
21976510000179,2021-12-31,Sem Ressalva,2021,1,2021
22163297000149,2021-12-31,Sem Ressalva,2021,1,2021
22261473000185,2021-12-31,Sem Ressalva,2021,1,2021
22266175000188,2021-12-31,Sem Ressalva,2021,1,2021
22495265000140,2021-12-31,Sem Ressalva,2021,1,2021
22543331000100,2021-12-31,Sem Ressalva,2021,1,2021
22677520000176,2021-12-31,Sem Ressalva,2021,1,2021
22902694000195,2021-12-31,Sem Ressalva,2021,1,2021
23041875000137,2021-12-31,Sem Ressalva,2021,1,2021
23096269000119,2021-12-31,Sem Ressalva,2021,1,2021
23236821000127,2021-12-31,Sem Ressalva,2021,2,2021
23373000000132,2021-12-31,Sem Ressalva,2021,1,2021
23438929000100,2021-12-31,Sem Ressalva,2021,1,2021
23864409000151,2021-12-31,Sem Ressalva,2021,1,2021
24230275000180,2021-12-31,Sem Ressalva,2021,2,2021
24396489000120,2021-12-31,Sem Ressalva,2021,3,2021
24410913000144,2021-12-31,Sem Ressalva,2021,1,2021
24624490000165,2021-12-31,Sem Ressalva,2021,1,2021
24624551000194,2021-12-31,Sem Ressalva,2021,1,2021
24921465000143,2021-12-31,Sem Ressalva,2021,1,2021
24962466000136,2021-12-31,Sem Ressalva,2021,1,2021
24990777000109,2021-12-31,Sem Ressalva,2021,1,2021
25005683000109,2021-12-31,Sem Ressalva,2021,1,2021
25089509000183,2021-12-31,Sem Ressalva,2021,1,2021
25249439000183,2021-12-31,Sem Ressalva,2021,1,2021
25369840000157,2021-12-31,Sem Ressalva,2021,1,2021
26072786000146,2021-12-31,Sem Ressalva,2021,1,2021
26345998000150,2021-12-31,Sem Ressalva,2021,3,2021
26462693000128,2021-12-31,Sem Ressalva,2021,2,2021
26609050000164,2021-12-31,Sem Ressalva,2021,1,2021
26659061000159,2021-12-31,Sem Ressalva,2021,1,2021
26664057000189,2021-12-31,Sem Ressalva,2021,1,2021
26845702000160,2021-12-31,Sem Ressalva,2021,2,2021
26982634000180,2021-12-31,Sem Ressalva,2021,1,2021
27093558000115,2021-12-31,Sem Ressalva,2021,2,2021
27137879000174,2021-12-31,Sem Ressalva,2021,1,2021
27157474000106,2021-12-31,Sem Ressalva,2021,1,2021
27956690000103,2021-12-31,Sem Ressalva,2021,2,2021
27967244000102,2021-12-31,Sem Ressalva,2021,2,2021
28019100000189,2021-12-31,Sem Ressalva,2021,1,2021
28127603000178,2021-12-31,Sem Ressalva,2021,2,2021
28152650000171,2021-12-31,Sem Ressalva,2021,1,2021
28195667000106,2021-12-31,Sem Ressalva,2021,2,2021
28201130000101,2021-12-31,Sem Ressalva,2021,1,2021
28442718000157,2021-12-31,Sem Ressalva,2021,1,2021
28594234000123,2021-12-31,Sem Ressalva,2021,1,2021
28925264000175,2021-12-31,Sem Ressalva,2021,1,2021
28942127000149,2021-12-31,Sem Ressalva,2021,1,2021
29088092000195,2021-12-31,Sem Ressalva,2021,1,2021
29780061000109,2021-12-31,Sem Ressalva,2021,1,2021
29894663000189,2021-12-31,Sem Ressalva,2021,1,2021
29950060000157,2021-12-31,Sem Ressalva,2021,1,2021
29978814000187,2021-12-31,Sem Ressalva,2021,1,2021
29980141000108,2021-12-31,Sem Ressalva,2021,1,2021
30213493000109,2021-12-31,Sem Ressalva,2021,2,2021
30219233000140,2021-12-31,Sem Ressalva,2021,1,2021
30306294000145,2021-12-31,Com Ressalva,2021,3,2021
30418658000189,2021-12-31,Sem Ressalva,2021,1,2021
30540991000166,2021-12-31,Sem Ressalva,2021,1,2021
30545324000176,2021-12-31,Sem Ressalva,2021,1,2021
30723886000162,2021-12-31,Sem Ressalva,2021,2,2021
30788149000148,2021-12-31,Sem Ressalva,2021,1,2021
31001230000107,2021-12-31,Sem Ressalva,2021,1,2021
31468139000198,2021-12-31,Sem Ressalva,2021,1,2021
31553627000101,2021-12-31,Sem Ressalva,2021,1,2021
31701408000114,2021-12-31,Sem Ressalva,2021,1,2021
31748174000160,2021-12-31,Sem Ressalva,2021,1,2021
31907982000123,2021-12-31,Sem Ressalva,2021,1,2021
32161500000100,2021-12-31,Sem Ressalva,2021,1,2021
32372085000125,2021-12-31,Sem Ressalva,2021,1,2021
32681371000172,2021-12-31,Sem Ressalva,2021,1,2021
32770457000171,2021-12-31,Sem Ressalva,2021,1,2021
32785497000197,2021-12-31,Sem Ressalva,2021,1,2021
33000167000101,2021-12-31,Sem Ressalva,2021,1,2021
33035536000100,2021-12-31,Negativa de Opinião,2021,1,2021
33040601000187,2021-12-31,Sem Ressalva,2021,1,2021
33041260065290,2021-12-31,Sem Ressalva,2021,1,2021
33042730000104,2021-12-31,Sem Ressalva,2021,1,2021
33050071000158,2021-12-31,Sem Ressalva,2021,1,2021
33050196000188,2021-12-31,Sem Ressalva,2021,1,2021
33102476000192,2021-12-31,Sem Ressalva,2021,1,2021
33111246000190,2021-12-31,Com Ressalva,2021,1,2021
33113309000147,2021-12-31,Sem Ressalva,2021,2,2021
33130691000105,2021-12-31,Sem Ressalva,2021,1,2021
33200049000147,2021-12-31,Sem Ressalva,2021,1,2021
33228024000151,2021-12-31,Sem Ressalva,2021,1,2021
33256439000139,2021-12-31,Sem Ressalva,2021,2,2021
33352394000104,2021-12-31,Com Ressalva,2021,1,2021
33376989000191,2021-12-31,Sem Ressalva,2021,1,2021
33386210000119,2021-12-31,Sem Ressalva,2021,2,2021
33412081000196,2021-12-31,Com Ressalva,2021,2,2021
33453598000123,2021-03-31,Sem Ressalva,2021,1,2021
33467572000134,2021-12-31,Sem Ressalva,2021,1,2021
33541368000116,2021-12-31,Sem Ressalva,2021,1,2021
33572408000197,2021-12-31,Sem Ressalva,2021,1,2021
33592510000154,2021-12-31,Sem Ressalva,2021,1,2021
33611500000119,2021-12-31,Sem Ressalva,2021,1,2021
33679797000154,2021-12-31,Sem Ressalva,2021,1,2021
33839910000111,2021-12-31,Sem Ressalva,2021,1,2021
33938119000169,2021-12-31,Sem Ressalva,2021,2,2021
33958695000178,2021-12-31,Sem Ressalva,2021,1,2021
34169557000172,2021-12-31,Sem Ressalva,2021,1,2021
34274233000102,2021-12-31,Sem Ressalva,2021,1,2021
34469625000119,2021-12-31,Sem Ressalva,2021,2,2021
35082277000195,2021-12-31,Sem Ressalva,2021,1,2021
35502310000199,2021-12-31,Sem Ressalva,2021,1,2021
35522178000187,2021-12-31,Sem Ressalva,2021,1,2021
35522281000127,2021-12-31,Sem Ressalva,2021,1,2021
35593905000105,2021-12-31,Sem Ressalva,2021,1,2021
35727157000106,2021-12-31,Sem Ressalva,2021,1,2021
35791391000194,2021-12-31,Sem Ressalva,2021,2,2021
35980592000130,2021-12-31,Sem Ressalva,2021,1,2021
36146575000164,2021-12-31,Sem Ressalva,2021,1,2021
36243187000100,2021-12-31,Sem Ressalva,2021,1,2021
36542025000164,2021-12-31,Sem Ressalva,2021,2,2021
36729398000149,2021-12-31,Sem Ressalva,2021,1,2021
36763716000198,2021-12-31,Sem Ressalva,2021,1,2021
37368315000104,2021-12-31,Sem Ressalva,2021,1,2021
37592100000164,2021-12-31,Sem Ressalva,2021,1,2021
37663076000107,2021-12-31,Sem Ressalva,2021,3,2021
37702340000174,2021-06-30,Sem Ressalva,2021,1,2021
37702340000174,2021-12-31,Sem Ressalva,2021,2,2021
38042694000100,2021-12-31,Sem Ressalva,2021,2,2021
38126888000186,2021-12-31,Sem Ressalva,2021,1,2021
38199406000118,2021-12-31,Sem Ressalva,2021,1,2021
38307135000177,2021-12-31,Sem Ressalva,2021,2,2021
38456921000136,2021-12-31,Sem Ressalva,2021,2,2021
38482780000126,2021-12-31,Sem Ressalva,2021,1,2021
38543489000110,2021-12-31,Sem Ressalva,2021,1,2021
39115514000128,2021-12-31,Sem Ressalva,2021,1,2021
39346861035038,2021-12-31,Sem Ressalva,2021,1,2021
39580673000101,2021-12-31,Sem Ressalva,2021,1,2021
39881421000104,2021-12-31,Sem Ressalva,2021,1,2021
40159947000164,2021-12-31,Sem Ressalva,2021,4,2021
40337136000106,2021-12-31,Sem Ressalva,2021,1,2021
40446476000175,2021-03-31,Sem Ressalva,2021,1,2021
40446476000175,2021-12-31,Sem Ressalva,2021,1,2021
40480481000102,2021-12-31,Sem Ressalva,2021,1,2021
40593395000106,2021-12-31,Sem Ressalva,2021,1,2021
40760921000177,2021-12-31,Sem Ressalva,2021,1,2021
40885785000141,2021-12-31,Sem Ressalva,2021,1,2021
40997635000120,2021-03-31,Sem Ressalva,2021,1,2021
40997635000120,2021-12-31,Sem Ressalva,2021,2,2021
41052420000107,2021-12-31,Sem Ressalva,2021,1,2021
41096674000119,2021-12-31,Sem Ressalva,2021,1,2021
41335131000107,2021-12-31,Sem Ressalva,2021,1,2021
41508382000146,2021-12-31,Sem Ressalva,2021,1,2021
41534746000162,2021-12-31,Sem Ressalva,2021,1,2021
41811375000119,2021-12-31,Sem Ressalva,2021,1,2021
41886692000102,2021-12-31,Sem Ressalva,2021,1,2021
42150391000170,2021-12-31,Sem Ressalva,2021,1,2021
42233757000175,2021-12-31,Sem Ressalva,2021,1,2021
42278291000124,2021-12-31,Sem Ressalva,2021,1,2021
42278473000103,2021-12-31,Sem Ressalva,2021,1,2021
42310775000103,2021-07-31,Sem Ressalva,2021,1,2021
42310775000103,2021-12-31,Sem Ressalva,2021,1,2021
42331462000131,2021-12-31,Sem Ressalva,2021,1,2021
42353180000135,2021-12-31,Sem Ressalva,2021,1,2021
42500384000151,2021-12-31,Sem Ressalva,2021,4,2021
42603513000137,2021-12-31,Sem Ressalva,2021,1,2021
42644220000106,2021-07-31,Sem Ressalva,2021,1,2021
42644220000106,2021-12-31,Sem Ressalva,2021,1,2021
42737954000121,2021-12-31,Sem Ressalva,2021,2,2021
42771949000135,2021-12-31,Sem Ressalva,2021,1,2021
42937550000181,2021-12-31,Sem Ressalva,2021,1,2021
42938083000104,2021-12-31,Sem Ressalva,2021,1,2021
42945876000150,2021-12-31,Sem Ressalva,2021,1,2021
43185362000107,2021-12-31,Negativa de Opinião,2021,1,2021
43283811000150,2021-12-31,Sem Ressalva,2021,2,2021
43335774000186,2021-12-31,Sem Ressalva,2021,1,2021
43470988000165,2021-12-31,Sem Ressalva,2021,1,2021
43776517000180,2021-12-31,Sem Ressalva,2021,1,2021
43948405000169,2021-12-31,Sem Ressalva,2021,1,2021
44067725000172,2021-12-31,Sem Ressalva,2021,1,2021
45242914000105,2021-12-31,Sem Ressalva,2021,1,2021
45365558000109,2021-12-31,Sem Ressalva,2021,2,2021
45453214000151,2021-12-31,Sem Ressalva,2021,1,2021
45987245000192,2021-12-31,Sem Ressalva,2021,1,2021
46119855000137,2021-12-31,Sem Ressalva,2021,1,2021
47508411000156,2021-12-31,Sem Ressalva,2021,1,2021
47509120000182,2021-12-31,Sem Ressalva,2021,2,2021
47960950000121,2021-12-31,Sem Ressalva,2021,1,2021
49263189000102,2021-12-31,Sem Ressalva,2021,1,2021
49669856000143,2021-12-31,Sem Ressalva,2021,1,2021
50564053000103,2021-12-31,Sem Ressalva,2021,1,2021
50746577000115,2021-12-31,Sem Ressalva,2021,2,2021
50926955000142,2021-12-31,Sem Ressalva,2021,1,2021
51128999000190,2021-12-31,Sem Ressalva,2021,1,2021
51218147000193,2021-12-31,Sem Ressalva,2021,2,2021
51466860000156,2021-03-31,Sem Ressalva,2021,1,2021
51928174000150,2021-12-31,Sem Ressalva,2021,1,2021
52123916000132,2021-12-31,Sem Ressalva,2021,1,2021
52548435000179,2021-12-31,Sem Ressalva,2021,3,2021
53113791000122,2021-12-31,Sem Ressalva,2021,1,2021
56444250000175,2021-12-31,Sem Ressalva,2021,1,2021
56643018000166,2021-12-31,Sem Ressalva,2021,1,2021
56720428000163,2021-12-31,Sem Ressalva,2021,2,2021
56992423000190,2021-12-31,Sem Ressalva,2021,1,2021
58119199000151,2021-12-31,Sem Ressalva,2021,1,2021
58430828000160,2021-12-31,Sem Ressalva,2021,1,2021
59105999000186,2021-12-31,Sem Ressalva,2021,1,2021
59285411000113,2021-12-31,Sem Ressalva,2021,2,2021
59418806000147,2021-12-31,Sem Ressalva,2021,3,2021
59717553000102,2021-12-31,Sem Ressalva,2021,1,2021
59789545000171,2021-12-31,Sem Ressalva,2021,1,2021
59981829000165,2021-12-31,Sem Ressalva,2021,1,2021
60398369000479,2021-12-31,Sem Ressalva,2021,1,2021
60444437000146,2021-12-31,Sem Ressalva,2021,1,2021
60476884000187,2021-12-31,Sem Ressalva,2021,3,2021
60500139000126,2021-12-31,Negativa de Opinião,2021,1,2021
60537263000166,2021-12-31,Sem Ressalva,2021,2,2021
60543816000193,2021-12-31,Sem Ressalva,2021,2,2021
60637238000154,2021-12-31,Adverso,2021,1,2021
60651809000105,2021-12-31,Sem Ressalva,2021,1,2021
60665981000118,2021-12-31,Sem Ressalva,2021,1,2021
60730348000166,2021-12-31,Sem Ressalva,2021,2,2021
60746948000112,2021-12-31,Sem Ressalva,2021,2,2021
60770336000165,2021-12-31,Sem Ressalva,2021,1,2021
60840055000131,2021-12-31,Sem Ressalva,2021,1,2021
60851615000153,2021-12-31,Com Ressalva,2021,1,2021
60872504000123,2021-12-31,Sem Ressalva,2021,1,2021
60884319000159,2021-12-31,Com Ressalva,2021,1,2021
60894730000105,2021-12-31,Sem Ressalva,2021,1,2021
60933603000178,2021-12-31,Sem Ressalva,2021,1,2021
61022042000118,2021-12-31,Sem Ressalva,2021,1,2021
61065298000102,2021-12-31,Com Ressalva,2021,1,2021
61065751000180,2021-12-31,Sem Ressalva,2021,1,2021
61079117000105,2021-12-31,Sem Ressalva,2021,3,2021
61080313000191,2021-12-31,Negativa de Opinião,2021,2,2021
61082004000150,2021-12-31,Sem Ressalva,2021,2,2021
61088894000108,2021-12-31,Sem Ressalva,2021,1,2021
61092037000181,2021-12-31,Sem Ressalva,2021,2,2021
61156113000175,2021-12-31,Sem Ressalva,2021,1,2021
61156931000178,2021-12-31,Sem Ressalva,2021,1,2021
61186680000174,2021-12-31,Sem Ressalva,2021,1,2021
61189288000189,2021-12-31,Sem Ressalva,2021,1,2021
61190096000192,2021-12-31,Sem Ressalva,2021,1,2021
61351532000168,2021-12-31,Sem Ressalva,2021,2,2021
61374161000130,2021-12-31,Sem Ressalva,2021,2,2021
61409892000173,2021-12-31,Sem Ressalva,2021,2,2021
61486650000183,2021-12-31,Sem Ressalva,2021,2,2021
61532644000115,2021-12-31,Sem Ressalva,2021,1,2021
61584140000149,2021-12-31,Sem Ressalva,2021,2,2021
61585865000151,2021-12-31,Sem Ressalva,2021,1,2021
61695227000193,2021-12-31,Sem Ressalva,2021,1,2021
61856571000117,2021-12-31,Sem Ressalva,2021,1,2021
62002886000160,2021-12-31,Sem Ressalva,2021,3,2021
62070362000106,2021-12-31,Sem Ressalva,2021,1,2021
62144175000120,2021-12-31,Sem Ressalva,2021,2,2021
62232889000190,2021-12-31,Sem Ressalva,2021,2,2021
62258884000136,2021-12-31,Sem Ressalva,2021,1,2021
62307848000115,2021-12-31,Sem Ressalva,2021,2,2021
62984091000102,2021-12-31,Sem Ressalva,2021,1,2021
64904295000103,2021-02-28,Sem Ressalva,2021,1,2021
65654303000173,2021-12-31,Sem Ressalva,2021,3,2021
67010660000124,2021-12-31,Sem Ressalva,2021,1,2021
67571414000141,2021-12-31,Sem Ressalva,2021,1,2021
67620377000114,2021-12-31,Sem Ressalva,2021,1,2021
68400225000179,2021-06-30,Sem Ressalva,2021,1,2021
71208516000174,2021-12-31,Sem Ressalva,2021,1,2021
71476527000135,2021-12-31,Sem Ressalva,2021,2,2021
71673990000177,2021-12-31,Sem Ressalva,2021,2,2021
73178600000118,2021-12-31,Sem Ressalva,2021,1,2021
73903718000161,2021-12-31,Sem Ressalva,2021,1,2021
75315333000109,2021-12-31,Sem Ressalva,2021,2,2021
75609123000123,2021-12-31,Sem Ressalva,2021,2,2021
76483817000120,2021-12-31,Sem Ressalva,2021,1,2021
76484013000145,2021-12-31,Sem Ressalva,2021,1,2021
76535764000143,2021-12-31,Sem Ressalva,2021,1,2021
76627504000106,2021-12-31,Com Ressalva,2021,1,2021
79430682000122,2021-12-31,Sem Ressalva,2021,1,2021
80227184000166,2021-12-31,Sem Ressalva,2021,1,2021
80680093000181,2021-12-31,Sem Ressalva,2021,1,2021
81243735000148,2021-12-31,Sem Ressalva,2021,2,2021
82120676000183,2021-12-31,Sem Ressalva,2021,1,2021
82508433000117,2021-12-31,Sem Ressalva,2021,1,2021
82636986000155,2021-12-31,Negativa de Opinião,2021,1,2021
82640558000104,2021-12-31,Sem Ressalva,2021,1,2021
82643537000134,2021-12-31,Sem Ressalva,2021,1,2021
82901000000127,2021-12-31,Sem Ressalva,2021,3,2021
82981929000103,2021-12-31,Adverso,2021,1,2021
82982075000180,2021-12-31,Sem Ressalva,2021,1,2021
83475913000191,2021-12-31,Sem Ressalva,2021,1,2021
83878892000155,2021-12-31,Sem Ressalva,2021,1,2021
84429695000111,2021-12-31,Sem Ressalva,2021,1,2021
84683374000149,2021-12-31,Sem Ressalva,2021,1,2021
84683408000103,2021-12-31,Sem Ressalva,2021,1,2021
84683671000194,2021-12-31,Sem Ressalva,2021,1,2021
84684455000163,2021-12-31,Sem Ressalva,2021,1,2021
84693183000168,2021-12-31,Sem Ressalva,2021,1,2021
85041333000111,2021-12-31,Sem Ressalva,2021,1,2021
85778074000106,2021-12-31,Sem Ressalva,2021,1,2021
86375425000109,2021-12-31,Sem Ressalva,2021,1,2021
86550951000150,2021-12-31,Sem Ressalva,2021,1,2021
87043832000173,2021-12-31,Sem Ressalva,2021,1,2021
87456562000122,2021-12-31,Sem Ressalva,2021,1,2021
87762563000103,2021-12-31,Sem Ressalva,2021,1,2021
87870952000144,2021-12-31,Sem Ressalva,2021,1,2021
88610126000129,2021-12-31,Sem Ressalva,2021,1,2021
88610191000154,2021-12-31,Sem Ressalva,2021,1,2021
88611835000129,2021-12-31,Sem Ressalva,2021,1,2021
88613658000110,2021-06-30,Sem Ressalva,2021,1,2021
89086144000116,2021-12-31,Sem Ressalva,2021,1,2021
89096457000155,2021-12-31,Sem Ressalva,2021,1,2021
89463822000112,2021-12-31,Com Ressalva,2021,1,2021
89637490000145,2021-12-31,Sem Ressalva,2021,3,2021
89723993000133,2021-12-31,Sem Ressalva,2021,1,2021
89850341000160,2021-12-31,Sem Ressalva,2021,1,2021
90076886000140,2021-12-31,Sem Ressalva,2021,1,2021
90400888000142,2021-12-31,Sem Ressalva,2021,2,2021
90441460000148,2021-12-31,Sem Ressalva,2021,1,2021
91333666000117,2021-12-31,Sem Ressalva,2021,1,2021
91669747000192,2021-12-31,Com Ressalva,2021,1,2021
91983056000169,2021-12-31,Sem Ressalva,2021,1,2021
92012467000170,2021-12-31,Sem Ressalva,2021,1,2021
92660570000126,2021-12-31,Sem Ressalva,2021,1,2021
92665611000177,2021-12-31,Sem Ressalva,2021,1,2021
92690783000109,2021-12-31,Sem Ressalva,2021,1,2021
92693019000189,2021-12-31,Sem Ressalva,2021,1,2021
92702067000196,2021-12-31,Sem Ressalva,2021,2,2021
92715812000131,2021-12-31,Sem Ressalva,2021,1,2021
92721232000157,2021-12-31,Sem Ressalva,2021,1,2021
92749225000163,2021-12-31,Sem Ressalva,2021,1,2021
92754738000162,2021-12-31,Sem Ressalva,2021,1,2021
92781335000102,2021-12-31,Sem Ressalva,2021,1,2021
92791243000103,2021-12-31,Sem Ressalva,2021,1,2021
92802784000190,2021-12-31,Sem Ressalva,2021,3,2021
92934215000106,2021-12-31,Sem Ressalva,2021,1,2021
93828986000173,2021-12-31,Sem Ressalva,2021,1,2021
94813102000170,2021-12-31,Sem Ressalva,2021,1,2021
95426862000197,2021-12-31,Sem Ressalva,2021,1,2021
96298013000168,2021-12-31,Sem Ressalva,2021,1,2021
96418264021802,2021-12-31,Sem Ressalva,2021,1,2021
97191902000194,2021-12-31,Sem Ressalva,2021,1,2021
97837181000147,2021-12-31,Sem Ressalva,2021,1,2021
00000000000191,2022-12-31,Sem Ressalva,2022,1,2022
00000208000100,2022-12-31,Sem Ressalva,2022,3,2022
00001180000126,2022-12-31,Sem Ressalva,2022,1,2022
00070698000111,2022-12-31,Sem Ressalva,2022,1,2022
00080671000100,2022-12-31,Sem Ressalva,2022,1,2022
00192769000159,2022-12-31,Sem Ressalva,2022,1,2022
00194724000113,2022-12-31,Sem Ressalva,2022,1,2022
00242184000104,2022-12-31,Sem Ressalva,2022,2,2022
00272185000193,2022-12-31,Sem Ressalva,2022,1,2022
00336701000104,2022-12-31,Sem Ressalva,2022,1,2022
00359742000108,2022-12-31,Sem Ressalva,2022,1,2022
00383281000109,2022-12-31,Sem Ressalva,2022,1,2022
00389481000179,2022-12-31,Sem Ressalva,2022,1,2022
00416968000101,2022-03-31,Sem Ressalva,2022,1,2022
00545378000170,2022-12-31,Com Ressalva,2022,1,2022
00622416000141,2022-12-31,Sem Ressalva,2022,1,2022
00644907000193,2022-12-31,Sem Ressalva,2022,1,2022
00743065000127,2022-12-31,Sem Ressalva,2022,1,2022
00776574000156,2022-12-31,Negativa de Opinião,2022,1,2022
00864214000106,2022-12-31,Sem Ressalva,2022,2,2022
00897864000158,2022-12-31,Com Ressalva,2022,1,2022
00924429000175,2022-12-31,Sem Ressalva,2022,2,2022
00938574000105,2022-12-31,Sem Ressalva,2022,1,2022
00974211000125,2022-12-31,Sem Ressalva,2022,1,2022
00979969000156,2022-12-31,Sem Ressalva,2022,1,2022
01027058000191,2022-12-31,Sem Ressalva,2022,1,2022
01083200000118,2022-12-31,Sem Ressalva,2022,2,2022
01104937000170,2022-12-31,Sem Ressalva,2022,2,2022
01107327000120,2022-12-31,Sem Ressalva,2022,1,2022
01258944000126,2022-12-31,Sem Ressalva,2022,1,2022
01319044000141,2022-12-31,Sem Ressalva,2022,1,2022
01417222000177,2022-12-31,Sem Ressalva,2022,2,2022
01543032000104,2022-12-31,Sem Ressalva,2022,1,2022
01545826000107,2022-12-31,Sem Ressalva,2022,2,2022
01548981000179,2022-12-31,Sem Ressalva,2022,2,2022
01599101000193,2022-12-31,Sem Ressalva,2022,1,2022
01616929000102,2022-12-31,Sem Ressalva,2022,1,2022
01637895000132,2022-12-31,Sem Ressalva,2022,1,2022
01838723000127,2022-12-31,Sem Ressalva,2022,1,2022
01851771000155,2022-12-31,Sem Ressalva,2022,1,2022
01896779000138,2022-12-31,Sem Ressalva,2022,2,2022
01917818000136,2022-12-31,Sem Ressalva,2022,1,2022
01938783000111,2022-12-31,Sem Ressalva,2022,1,2022
01957772000189,2022-12-31,Sem Ressalva,2022,1,2022
01968293000168,2022-12-31,Sem Ressalva,2022,1,2022
01989044000159,2022-12-31,Sem Ressalva,2022,1,2022
02016440000162,2022-12-31,Sem Ressalva,2022,1,2022
02031413000169,2022-12-31,Sem Ressalva,2022,1,2022
02041460000193,2022-12-31,Sem Ressalva,2022,1,2022
02062747000108,2022-12-31,Sem Ressalva,2022,1,2022
02149205000169,2022-12-31,Sem Ressalva,2022,1,2022
02162616000194,2022-12-31,Negativa de Opinião,2022,1,2022
02193750000152,2022-12-31,Sem Ressalva,2022,1,2022
02201787000185,2022-12-31,Sem Ressalva,2022,1,2022
02217319000107,2022-12-31,Sem Ressalva,2022,1,2022
02255187000108,2022-12-31,Sem Ressalva,2022,1,2022
02258422000197,2022-12-31,Sem Ressalva,2022,1,2022
02281836000137,2022-12-31,Sem Ressalva,2022,1,2022
02286479000108,2022-12-31,Sem Ressalva,2022,1,2022
02291077000193,2022-12-31,Sem Ressalva,2022,1,2022
02302100000106,2022-12-31,Sem Ressalva,2022,1,2022
02302101000142,2022-12-31,Sem Ressalva,2022,1,2022
02328280000197,2022-12-31,Sem Ressalva,2022,1,2022
02338534000158,2022-12-31,Sem Ressalva,2022,1,2022
02351144000118,2022-12-31,Sem Ressalva,2022,3,2022
02351877000152,2022-12-31,Sem Ressalva,2022,1,2022
02357251000153,2022-12-31,Sem Ressalva,2022,1,2022
02365069000144,2022-12-31,Sem Ressalva,2022,1,2022
02382073000110,2022-12-31,Sem Ressalva,2022,1,2022
02387241000160,2022-12-31,Sem Ressalva,2022,1,2022
02397080000196,2022-12-31,Sem Ressalva,2022,1,2022
02415408000150,2022-12-31,Sem Ressalva,2022,2,2022
02421421000111,2022-12-31,Sem Ressalva,2022,1,2022
02429144000193,2022-12-31,Sem Ressalva,2022,1,2022
02451848000162,2022-12-31,Sem Ressalva,2022,2,2022
02474103000119,2022-12-31,Sem Ressalva,2022,2,2022
02502844000166,2022-12-31,Sem Ressalva,2022,1,2022
02509186000134,2022-12-31,Sem Ressalva,2022,1,2022
02509491000126,2022-12-31,Sem Ressalva,2022,1,2022
02558157000162,2022-12-31,Sem Ressalva,2022,2,2022
02560878000107,2022-12-31,Sem Ressalva,2022,1,2022
02591787000139,2022-12-31,Sem Ressalva,2022,1,2022
02600854000134,2022-12-31,Sem Ressalva,2022,1,2022
02635522000195,2022-03-31,Sem Ressalva,2022,3,2022
02664042000152,2022-12-31,Sem Ressalva,2022,2,2022
02682287000102,2022-12-31,Sem Ressalva,2022,1,2022
02724983000134,2022-12-31,Sem Ressalva,2022,2,2022
02736470000143,2022-12-31,Sem Ressalva,2022,1,2022
02762113000150,2022-12-31,Sem Ressalva,2022,1,2022
02762121000104,2022-12-31,Sem Ressalva,2022,2,2022
02762124000130,2022-12-31,Sem Ressalva,2022,1,2022
02773542000122,2022-12-31,Sem Ressalva,2022,2,2022
02783423000150,2022-12-31,Sem Ressalva,2022,1,2022
02796775000140,2022-12-31,Sem Ressalva,2022,1,2022
02800026000140,2022-12-31,Sem Ressalva,2022,2,2022
02846056000197,2022-12-31,Sem Ressalva,2022,1,2022
02860694000162,2022-12-31,Sem Ressalva,2022,1,2022
02916265000160,2022-12-31,Sem Ressalva,2022,1,2022
02919555000167,2022-12-31,Sem Ressalva,2022,3,2022
02932074000191,2022-12-31,Sem Ressalva,2022,1,2022
02950811000189,2022-12-31,Sem Ressalva,2022,2,2022
02992449000109,2022-12-31,Sem Ressalva,2022,1,2022
02998301000181,2022-12-31,Sem Ressalva,2022,1,2022
02998611000104,2022-12-31,Sem Ressalva,2022,1,2022
03014553000191,2022-12-31,Sem Ressalva,2022,1,2022
03025305000146,2022-12-31,Sem Ressalva,2022,2,2022
03207703000183,2022-12-31,Sem Ressalva,2022,1,2022
03220438000173,2022-12-31,Sem Ressalva,2022,1,2022
03279285000130,2022-12-31,Sem Ressalva,2022,2,2022
03303999000136,2022-12-31,Com Ressalva,2022,1,2022
03342704000130,2022-12-31,Sem Ressalva,2022,1,2022
03378521000175,2022-12-31,Sem Ressalva,2022,1,2022
03467321000199,2022-12-31,Sem Ressalva,2022,1,2022
03494776000101,2022-12-31,Sem Ressalva,2022,1,2022
03538833000107,2022-12-31,Sem Ressalva,2022,1,2022
03758318000124,2022-12-31,Sem Ressalva,2022,1,2022
03767538000114,2022-12-31,Sem Ressalva,2022,1,2022
03795050000109,2022-12-31,Sem Ressalva,2022,1,2022
03802115000198,2022-12-31,Sem Ressalva,2022,1,2022
03818379000130,2022-12-31,Sem Ressalva,2022,1,2022
03820456000196,2022-12-31,Sem Ressalva,2022,1,2022
03847461000192,2022-12-31,Sem Ressalva,2022,1,2022
03853896000140,2022-12-31,Sem Ressalva,2022,1,2022
03953509000147,2022-12-31,Sem Ressalva,2022,1,2022
03983431000103,2022-12-31,Sem Ressalva,2022,1,2022
04030182000102,2022-12-31,Sem Ressalva,2022,1,2022
04031213000131,2022-12-31,Sem Ressalva,2022,1,2022
04032433000180,2022-12-31,Com Ressalva,2022,3,2022
04038763000182,2022-12-31,Sem Ressalva,2022,1,2022
04065053000141,2022-12-31,Sem Ressalva,2022,1,2022
04065791000199,2022-12-31,Sem Ressalva,2022,2,2022
04069709000102,2022-12-31,Sem Ressalva,2022,1,2022
04089570000150,2022-12-31,Sem Ressalva,2022,1,2022
04149454000180,2022-12-31,Sem Ressalva,2022,1,2022
04172213000151,2022-12-31,Sem Ressalva,2022,1,2022
04212396000191,2022-12-31,Sem Ressalva,2022,2,2022
04233319000118,2022-12-31,Sem Ressalva,2022,1,2022
04368865000166,2022-12-31,Sem Ressalva,2022,1,2022
04368898000106,2022-12-31,Sem Ressalva,2022,1,2022
04370282000170,2022-12-31,Sem Ressalva,2022,1,2022
04423567000121,2022-12-31,Sem Ressalva,2022,2,2022
04437534000130,2022-12-31,Sem Ressalva,2022,2,2022
04739720000124,2022-12-31,Sem Ressalva,2022,1,2022
04752991000110,2022-12-31,Sem Ressalva,2022,1,2022
04821041000108,2022-12-31,Sem Ressalva,2022,1,2022
04895728000180,2022-12-31,Sem Ressalva,2022,1,2022
04902979000144,2022-12-31,Sem Ressalva,2022,3,2022
04912242000102,2022-12-31,Com Ressalva,2022,1,2022
04913711000108,2022-12-31,Com Ressalva,2022,5,2022
04972092000122,2022-12-31,Sem Ressalva,2022,1,2022
04986320000113,2022-12-31,Sem Ressalva,2022,1,2022
04992714000184,2022-12-31,Sem Ressalva,2022,1,2022
05197443000138,2022-12-31,Sem Ressalva,2022,1,2022
05303439000107,2022-12-31,Sem Ressalva,2022,1,2022
05336882000184,2022-12-31,Sem Ressalva,2022,1,2022
05347060000107,2022-12-31,Sem Ressalva,2022,1,2022
05878397000132,2022-12-31,Sem Ressalva,2022,2,2022
05917486000140,2022-12-31,Sem Ressalva,2022,1,2022
06016348000153,2022-12-31,Sem Ressalva,2022,1,2022
06047087000139,2022-12-31,Sem Ressalva,2022,1,2022
06057223000171,2022-12-31,Sem Ressalva,2022,1,2022
06164253000187,2022-12-31,Sem Ressalva,2022,1,2022
06272793000184,2022-12-31,Sem Ressalva,2022,1,2022
06347409000165,2022-12-31,Sem Ressalva,2022,1,2022
06626253000151,2022-12-31,Sem Ressalva,2022,2,2022
06977745000191,2022-12-31,Sem Ressalva,2022,1,2022
06977751000149,2022-12-31,Sem Ressalva,2022,1,2022
06981176000158,2022-12-31,Sem Ressalva,2022,1,2022
06981180000116,2022-12-31,Sem Ressalva,2022,1,2022
06981381000113,2022-03-31,Sem Ressalva,2022,1,2022
07040108000157,2022-12-31,Sem Ressalva,2022,1,2022
07043628000113,2022-12-31,Sem Ressalva,2022,1,2022
07047251000170,2022-12-31,Sem Ressalva,2022,1,2022
07119838000148,2022-12-31,Sem Ressalva,2022,1,2022
07206816000115,2022-12-31,Sem Ressalva,2022,2,2022
07237373000120,2022-12-31,Sem Ressalva,2022,1,2022
07253321000147,2022-12-31,Sem Ressalva,2022,1,2022
07275159000168,2022-12-31,Sem Ressalva,2022,1,2022
07282377000120,2022-12-31,Sem Ressalva,2022,1,2022
07334600000135,2022-12-31,Sem Ressalva,2022,1,2022
07401436000131,2022-12-31,Sem Ressalva,2022,1,2022
07415333000120,2022-12-31,Sem Ressalva,2022,1,2022
07437016000105,2022-12-31,Sem Ressalva,2022,1,2022
07526557000100,2022-12-31,Sem Ressalva,2022,1,2022
07594978000178,2022-12-31,Sem Ressalva,2022,2,2022
07628528000159,2022-06-30,Sem Ressalva,2022,2,2022
07636657000199,2022-12-31,Sem Ressalva,2022,1,2022
07659538000151,2022-12-31,Sem Ressalva,2022,1,2022
07689002000189,2022-12-31,Sem Ressalva,2022,1,2022
07704246000193,2022-12-31,Sem Ressalva,2022,1,2022
07718269000157,2022-12-31,Sem Ressalva,2022,2,2022
07802794000156,2022-12-31,Sem Ressalva,2022,1,2022
07816890000153,2022-12-31,Sem Ressalva,2022,1,2022
07820907000146,2022-12-31,Sem Ressalva,2022,1,2022
07823262000103,2022-12-31,Sem Ressalva,2022,1,2022
07857093000114,2022-12-31,Sem Ressalva,2022,1,2022
07857850000150,2022-12-31,Sem Ressalva,2022,1,2022
07859510000168,2022-12-31,Sem Ressalva,2022,1,2022
07859971000130,2022-12-31,Sem Ressalva,2022,1,2022
07882930000165,2022-12-31,Sem Ressalva,2022,1,2022
07950674000104,2022-12-31,Negativa de Opinião,2022,1,2022
07976147000160,2022-12-31,Sem Ressalva,2022,1,2022
08065557000112,2022-12-31,Sem Ressalva,2022,1,2022
08070508000178,2022-03-31,Sem Ressalva,2022,1,2022
08078847000109,2022-12-31,Sem Ressalva,2022,1,2022
08159965000133,2022-12-31,Sem Ressalva,2022,5,2022
08170849000115,2022-12-31,Sem Ressalva,2022,2,2022
08213823000107,2022-12-31,Sem Ressalva,2022,1,2022
08262121000113,2022-12-31,Sem Ressalva,2022,1,2022
08294224000165,2022-12-31,Sem Ressalva,2022,2,2022
08312229000173,2022-12-31,Sem Ressalva,2022,2,2022
08322396000103,2022-03-31,Sem Ressalva,2022,1,2022
08324196000181,2022-12-31,Sem Ressalva,2022,1,2022
08343492000120,2022-12-31,Sem Ressalva,2022,2,2022
08364948000138,2022-12-31,Sem Ressalva,2022,1,2022
08397078000101,2022-12-31,Sem Ressalva,2022,1,2022
08402943000152,2022-12-31,Sem Ressalva,2022,1,2022
08424178000171,2022-12-31,Sem Ressalva,2022,1,2022
08439659000150,2022-12-31,Sem Ressalva,2022,1,2022
08467115000100,2022-12-31,Sem Ressalva,2022,1,2022
08493364000162,2022-03-31,Sem Ressalva,2022,1,2022
08534605000174,2022-12-31,Sem Ressalva,2022,2,2022
08560444000193,2022-12-31,Sem Ressalva,2022,1,2022
08574411000100,2022-12-31,Sem Ressalva,2022,2,2022
08613550000198,2022-12-31,Negativa de Opinião,2022,2,2022
08764621000153,2022-12-31,Sem Ressalva,2022,1,2022
08769451000108,2022-12-31,Sem Ressalva,2022,1,2022
08773135000100,2022-12-31,Sem Ressalva,2022,2,2022
08773191000136,2022-12-31,Sem Ressalva,2022,1,2022
08795211000170,2022-12-31,Sem Ressalva,2022,1,2022
08797760000183,2022-12-31,Sem Ressalva,2022,4,2022
08801621000186,2022-12-31,Sem Ressalva,2022,1,2022
08807432000110,2022-12-31,Sem Ressalva,2022,1,2022
08810422000134,2022-12-31,Sem Ressalva,2022,1,2022
08811643000127,2022-12-31,Sem Ressalva,2022,3,2022
08822767000108,2022-12-31,Sem Ressalva,2022,1,2022
08827501000158,2022-12-31,Sem Ressalva,2022,1,2022
08873873000110,2022-12-31,Sem Ressalva,2022,1,2022
08902291000115,2022-12-31,Sem Ressalva,2022,1,2022
08935054000150,2022-12-31,Sem Ressalva,2022,2,2022
08937002000113,2022-12-31,Sem Ressalva,2022,1,2022
09041168000110,2022-12-31,Sem Ressalva,2022,1,2022
09042817000105,2022-12-31,Sem Ressalva,2022,2,2022
09053134000145,2022-12-31,Sem Ressalva,2022,2,2022
09054385000144,2022-12-31,Com Ressalva,2022,1,2022
09074183000164,2022-12-31,Sem Ressalva,2022,1,2022
09095183000140,2022-12-31,Sem Ressalva,2022,1,2022
09112685000132,2022-12-31,Sem Ressalva,2022,1,2022
09114805000130,2022-12-31,Sem Ressalva,2022,3,2022
09116278000101,2022-12-31,Com Ressalva,2022,1,2022
09146451000106,2022-12-31,Sem Ressalva,2022,1,2022
09149503000106,2022-12-31,Sem Ressalva,2022,2,2022
09229201000130,2022-12-31,Sem Ressalva,2022,2,2022
09257877000137,2022-12-31,Sem Ressalva,2022,1,2022
09267996000170,2022-12-31,Sem Ressalva,2022,1,2022
09288252000132,2022-12-31,Sem Ressalva,2022,2,2022
09295063000197,2022-12-31,Sem Ressalva,2022,1,2022
09304427000158,2022-12-31,Sem Ressalva,2022,1,2022
09305994000129,2022-12-31,Sem Ressalva,2022,1,2022
09313969000197,2022-12-31,Sem Ressalva,2022,2,2022
09324949000111,2022-12-31,Sem Ressalva,2022,1,2022
09325109000173,2022-12-31,Sem Ressalva,2022,1,2022
09326342000170,2022-12-31,Sem Ressalva,2022,1,2022
09336431000106,2022-12-31,Sem Ressalva,2022,1,2022
09346601000125,2022-12-31,Sem Ressalva,2022,2,2022
09347516000181,2022-12-31,Sem Ressalva,2022,2,2022
09359927000197,2022-12-31,Sem Ressalva,2022,1,2022
09391823000160,2022-12-31,Sem Ressalva,2022,1,2022
09414761000164,2022-12-31,Sem Ressalva,2022,1,2022
09527023000123,2022-12-31,Sem Ressalva,2022,1,2022
09538973000153,2022-12-31,Sem Ressalva,2022,1,2022
09584854000137,2022-12-31,Sem Ressalva,2022,1,2022
09611768000176,2022-12-31,Sem Ressalva,2022,3,2022
09625321000156,2022-12-31,Sem Ressalva,2022,1,2022
09813204000116,2022-12-31,Sem Ressalva,2022,1,2022
10139870000108,2022-12-31,Sem Ressalva,2022,2,2022
10215988000160,2022-12-31,Sem Ressalva,2022,1,2022
10234027000100,2022-12-31,Sem Ressalva,2022,2,2022
10240186000100,2022-12-31,Sem Ressalva,2022,2,2022
10285590000108,2022-12-31,Sem Ressalva,2022,1,2022
10319900000150,2022-12-31,Sem Ressalva,2022,1,2022
10324624000118,2022-12-31,Sem Ressalva,2022,1,2022
10338320000100,2022-12-31,Sem Ressalva,2022,1,2022
10452416000102,2022-12-31,Sem Ressalva,2022,1,2022
10488244000119,2022-12-31,Sem Ressalva,2022,2,2022
10502676000137,2022-12-31,Sem Ressalva,2022,1,2022
10531501000158,2022-12-31,Sem Ressalva,2022,3,2022
10571175000102,2022-12-31,Sem Ressalva,2022,1,2022
10608405000160,2022-12-31,Sem Ressalva,2022,2,2022
10629105000168,2022-12-31,Sem Ressalva,2022,1,2022
10635691000153,2022-12-31,Sem Ressalva,2022,4,2022
10647979000148,2022-12-31,Sem Ressalva,2022,1,2022
10670314000155,2022-12-31,Sem Ressalva,2022,1,2022
10678505000163,2022-12-31,Negativa de Opinião,2022,1,2022
10739356000103,2022-12-31,Sem Ressalva,2022,2,2022
10760260000119,2022-12-31,Sem Ressalva,2022,2,2022
10807374000177,2022-12-31,Sem Ressalva,2022,1,2022
10835932000108,2022-12-31,Sem Ressalva,2022,1,2022
10841050000155,2022-12-31,Sem Ressalva,2022,1,2022
10851805000100,2022-12-31,Sem Ressalva,2022,2,2022
11257352000143,2022-12-31,Sem Ressalva,2022,1,2022
11274829000107,2022-12-31,Sem Ressalva,2022,1,2022
11284204000118,2022-12-31,Sem Ressalva,2022,1,2022
11421994000136,2022-12-31,Sem Ressalva,2022,3,2022
11669021000110,2022-12-31,Sem Ressalva,2022,1,2022
11716471000117,2022-12-31,Sem Ressalva,2022,1,2022
11721921000160,2022-12-31,Sem Ressalva,2022,1,2022
11725176000127,2022-12-31,Sem Ressalva,2022,1,2022
11992680000193,2022-12-31,Sem Ressalva,2022,1,2022
12049631000184,2022-12-31,Sem Ressalva,2022,1,2022
12091809000155,2022-12-31,Sem Ressalva,2022,1,2022
12104241000402,2022-12-31,Sem Ressalva,2022,1,2022
12108897000150,2022-12-31,Sem Ressalva,2022,1,2022
12181987000177,2022-12-31,Sem Ressalva,2022,3,2022
12300288000107,2022-12-31,Sem Ressalva,2022,1,2022
12320349000190,2022-12-31,Sem Ressalva,2022,1,2022
12420164000157,2022-12-31,Sem Ressalva,2022,1,2022
12489315000123,2022-12-31,Sem Ressalva,2022,1,2022
12528708000107,2022-12-31,Sem Ressalva,2022,2,2022
12592831000189,2022-12-31,Sem Ressalva,2022,1,2022
12648266000124,2022-12-31,Sem Ressalva,2022,1,2022
12648327000153,2022-12-31,Sem Ressalva,2022,1,2022
12919786000124,2022-12-31,Sem Ressalva,2022,1,2022
13009717000146,2022-12-31,Sem Ressalva,2022,1,2022
13017462000163,2022-12-31,Sem Ressalva,2022,2,2022
13217485000111,2022-12-31,Sem Ressalva,2022,1,2022
13270520000166,2022-12-31,Sem Ressalva,2022,1,2022
13444994000187,2022-12-31,Com Ressalva,2022,1,2022
13457942000145,2022-12-31,Sem Ressalva,2022,1,2022
13522948000159,2022-12-31,Sem Ressalva,2022,1,2022
13574594000196,2022-12-31,Sem Ressalva,2022,1,2022
13584310000142,2022-12-31,Sem Ressalva,2022,2,2022
13783221000478,2022-12-31,Sem Ressalva,2022,2,2022
14110585000107,2022-12-31,Sem Ressalva,2022,2,2022
14127813000151,2022-12-31,Sem Ressalva,2022,1,2022
14191427000129,2022-12-31,Sem Ressalva,2022,2,2022
14388334000199,2022-12-31,Sem Ressalva,2022,1,2022
14776142000150,2022-12-31,Sem Ressalva,2022,2,2022
14785152000151,2022-12-31,Sem Ressalva,2022,2,2022
14807945000124,2022-12-31,Sem Ressalva,2022,1,2022
14876090000193,2022-12-31,Sem Ressalva,2022,1,2022
14882295000181,2022-12-31,Sem Ressalva,2022,1,2022
14998371000119,2022-12-31,Sem Ressalva,2022,1,2022
15073274000188,2022-12-31,Sem Ressalva,2022,1,2022
15090690000194,2022-12-31,Sem Ressalva,2022,1,2022
15101405000193,2022-12-31,Sem Ressalva,2022,3,2022
15114494000102,2022-12-31,Sem Ressalva,2022,1,2022
15115504000124,2022-12-31,Sem Ressalva,2022,1,2022
15124464000187,2022-12-31,Sem Ressalva,2022,1,2022
15139629000194,2022-12-31,Sem Ressalva,2022,1,2022
15141799000103,2022-12-31,Sem Ressalva,2022,1,2022
15144017000190,2022-12-31,Sem Ressalva,2022,1,2022
15413826000150,2022-12-31,Sem Ressalva,2022,1,2022
15440708000130,2022-12-31,Sem Ressalva,2022,1,2022
15484093000144,2022-12-31,Sem Ressalva,2022,1,2022
15494541000190,2022-12-31,Sem Ressalva,2022,1,2022
15578569000106,2022-12-31,Sem Ressalva,2022,1,2022
15688041000190,2022-12-31,Sem Ressalva,2022,1,2022
16233389000155,2022-12-31,Sem Ressalva,2022,1,2022
16234171000115,2022-12-31,Sem Ressalva,2022,1,2022
16404287000155,2022-12-31,Sem Ressalva,2022,1,2022
16590234000176,2022-12-31,Sem Ressalva,2022,3,2022
16614075000100,2022-12-31,Sem Ressalva,2022,3,2022
16670085000155,2022-12-31,Sem Ressalva,2022,2,2022
16676520000159,2022-12-31,Sem Ressalva,2022,2,2022
16811931000100,2022-12-31,Sem Ressalva,2022,1,2022
16838421000126,2022-12-31,Sem Ressalva,2022,1,2022
16922038000151,2022-12-31,Sem Ressalva,2022,1,2022
17155730000164,2022-12-31,Sem Ressalva,2022,1,2022
17159005000164,2022-12-31,Sem Ressalva,2022,1,2022
17159229000176,2022-12-31,Sem Ressalva,2022,2,2022
17161241000115,2022-12-31,Sem Ressalva,2022,1,2022
17162082000173,2022-12-31,Negativa de Opinião,2022,1,2022
17162280000137,2022-12-31,Sem Ressalva,2022,1,2022
17167396000169,2022-12-31,Sem Ressalva,2022,1,2022
17167412000113,2022-12-31,Sem Ressalva,2022,1,2022
17184037000110,2022-12-31,Sem Ressalva,2022,1,2022
17193806000146,2022-12-31,Sem Ressalva,2022,1,2022
17234244000131,2022-12-31,Sem Ressalva,2022,1,2022
17245234000100,2022-12-31,Sem Ressalva,2022,2,2022
17281106000103,2022-12-31,Com Ressalva,2022,1,2022
17314329000120,2022-12-31,Sem Ressalva,2022,1,2022
17344597000194,2022-12-31,Sem Ressalva,2022,1,2022
17359233000188,2022-12-31,Sem Ressalva,2022,2,2022
17943792000130,2022-12-31,Sem Ressalva,2022,1,2022
18174270000184,2022-12-31,Sem Ressalva,2022,1,2022
18328118000109,2022-12-31,Sem Ressalva,2022,2,2022
18483666000103,2022-12-31,Sem Ressalva,2022,1,2022
18494485000182,2022-12-31,Sem Ressalva,2022,2,2022
18572225000188,2022-12-31,Sem Ressalva,2022,2,2022
18593815000197,2022-12-31,Sem Ressalva,2022,1,2022
18903785000178,2022-12-31,Sem Ressalva,2022,1,2022
19014221000147,2022-12-31,Sem Ressalva,2022,1,2022
19208022000170,2022-12-31,Sem Ressalva,2022,1,2022
19276528000116,2022-12-31,Sem Ressalva,2022,1,2022
19378769000176,2022-12-31,Sem Ressalva,2022,1,2022
19403252000190,2022-12-31,Sem Ressalva,2022,2,2022
19521322000104,2022-12-31,Sem Ressalva,2022,1,2022
19526748000150,2022-12-31,Sem Ressalva,2022,1,2022
19527586000175,2022-12-31,Sem Ressalva,2022,1,2022
19527639000158,2022-12-31,Sem Ressalva,2022,1,2022
19642306000170,2022-12-31,Sem Ressalva,2022,1,2022
19726048000100,2022-12-31,Sem Ressalva,2022,1,2022
19796586000170,2022-12-31,Sem Ressalva,2022,1,2022
19851496000135,2022-12-31,Sem Ressalva,2022,1,2022
20247322000147,2022-12-31,Sem Ressalva,2022,1,2022
20258278000170,2022-12-31,Sem Ressalva,2022,1,2022
20512706000140,2022-12-31,Sem Ressalva,2022,3,2022
20514555000169,2022-12-31,Sem Ressalva,2022,1,2022
20514590000188,2022-12-31,Sem Ressalva,2022,1,2022
21110778000123,2022-12-31,Sem Ressalva,2022,1,2022
21240146000184,2022-12-31,Sem Ressalva,2022,1,2022
21254073000180,2022-12-31,Sem Ressalva,2022,1,2022
21255567000189,2022-12-31,Sem Ressalva,2022,1,2022
21314559000166,2022-12-31,Sem Ressalva,2022,3,2022
21331849000118,2022-12-31,Sem Ressalva,2022,1,2022
21389501000181,2022-12-31,Sem Ressalva,2022,1,2022
21414457000112,2022-12-31,Sem Ressalva,2022,2,2022
21728083000100,2022-12-31,Sem Ressalva,2022,1,2022
21948105000147,2022-12-31,Sem Ressalva,2022,1,2022
21976510000179,2022-12-31,Sem Ressalva,2022,1,2022
22163297000149,2022-12-31,Sem Ressalva,2022,1,2022
22261473000185,2022-12-31,Sem Ressalva,2022,1,2022
22266175000188,2022-12-31,Sem Ressalva,2022,1,2022
22543331000100,2022-12-31,Sem Ressalva,2022,1,2022
22677520000176,2022-12-31,Sem Ressalva,2022,1,2022
23041875000137,2022-12-31,Sem Ressalva,2022,1,2022
23096269000119,2022-12-31,Sem Ressalva,2022,1,2022
23236821000127,2022-12-31,Sem Ressalva,2022,2,2022
23373000000132,2022-12-31,Sem Ressalva,2022,1,2022
23438929000100,2022-12-31,Sem Ressalva,2022,2,2022
24230275000180,2022-12-31,Sem Ressalva,2022,2,2022
24396489000120,2022-12-31,Sem Ressalva,2022,1,2022
24410913000144,2022-12-31,Sem Ressalva,2022,1,2022
24624490000165,2022-12-31,Sem Ressalva,2022,1,2022
24624551000194,2022-12-31,Sem Ressalva,2022,1,2022
24921465000143,2022-12-31,Sem Ressalva,2022,1,2022
24962466000136,2022-12-31,Sem Ressalva,2022,1,2022
24990777000109,2022-12-31,Sem Ressalva,2022,3,2022
25089509000183,2022-12-31,Sem Ressalva,2022,1,2022
25249439000183,2022-12-31,Sem Ressalva,2022,1,2022
25369840000157,2022-12-31,Sem Ressalva,2022,1,2022
26072786000146,2022-12-31,Sem Ressalva,2022,1,2022
26345998000150,2022-09-30,Sem Ressalva,2022,1,2022
26345998000150,2022-12-31,Sem Ressalva,2022,3,2022
26462693000128,2022-12-31,Sem Ressalva,2022,1,2022
26609050000164,2022-12-31,Sem Ressalva,2022,1,2022
26659061000159,2022-12-31,Sem Ressalva,2022,1,2022
26664057000189,2022-12-31,Sem Ressalva,2022,1,2022
26845702000160,2022-12-31,Sem Ressalva,2022,1,2022
26982634000180,2022-12-31,Sem Ressalva,2022,1,2022
27093558000115,2022-12-31,Sem Ressalva,2022,2,2022
27137879000174,2022-12-31,Sem Ressalva,2022,1,2022
27157474000106,2022-12-31,Sem Ressalva,2022,1,2022
27743642000137,2022-12-31,Sem Ressalva,2022,1,2022
27956690000103,2022-12-31,Sem Ressalva,2022,2,2022
27967244000102,2022-12-31,Sem Ressalva,2022,1,2022
28019100000189,2022-12-31,Sem Ressalva,2022,1,2022
28127603000178,2022-12-31,Sem Ressalva,2022,1,2022
28152650000171,2022-12-31,Sem Ressalva,2022,1,2022
28195667000106,2022-12-31,Sem Ressalva,2022,2,2022
28201130000101,2022-12-31,Sem Ressalva,2022,2,2022
28594234000123,2022-12-31,Sem Ressalva,2022,1,2022
28925264000175,2022-12-31,Sem Ressalva,2022,1,2022
28942127000149,2022-12-31,Sem Ressalva,2022,1,2022
29780061000109,2022-12-31,Sem Ressalva,2022,3,2022
29884545000190,2022-12-31,Sem Ressalva,2022,1,2022
29950060000157,2022-12-31,Sem Ressalva,2022,1,2022
29980141000108,2022-12-31,Sem Ressalva,2022,1,2022
30213493000109,2022-12-31,Sem Ressalva,2022,1,2022
30306294000145,2022-12-31,Com Ressalva,2022,4,2022
30540991000166,2022-12-31,Sem Ressalva,2022,1,2022
30723886000162,2022-12-31,Sem Ressalva,2022,1,2022
30788149000148,2022-12-31,Sem Ressalva,2022,2,2022
31001230000107,2022-12-31,Sem Ressalva,2022,1,2022
31468139000198,2022-12-31,Sem Ressalva,2022,1,2022
31553627000101,2022-12-31,Sem Ressalva,2022,1,2022
31701408000114,2022-03-31,Sem Ressalva,2022,1,2022
31748174000160,2022-12-31,Sem Ressalva,2022,1,2022
32021201000161,2022-12-31,Sem Ressalva,2022,1,2022
32161500000100,2022-12-31,Sem Ressalva,2022,1,2022
32681371000172,2022-12-31,Sem Ressalva,2022,1,2022
32785497000197,2022-12-31,Sem Ressalva,2022,1,2022
33000167000101,2022-12-31,Sem Ressalva,2022,1,2022
33035536000100,2022-12-31,Sem Ressalva,2022,1,2022
33040601000187,2022-12-31,Sem Ressalva,2022,1,2022
33041260065290,2022-12-31,Sem Ressalva,2022,1,2022
33042730000104,2022-12-31,Sem Ressalva,2022,2,2022
33050071000158,2022-12-31,Sem Ressalva,2022,1,2022
33050196000188,2022-12-31,Sem Ressalva,2022,1,2022
33102476000192,2022-12-31,Sem Ressalva,2022,1,2022
33113309000147,2022-12-31,Sem Ressalva,2022,2,2022
33130691000105,2022-12-31,Sem Ressalva,2022,1,2022
33200049000147,2022-12-31,Sem Ressalva,2022,1,2022
33228024000151,2022-12-31,Sem Ressalva,2022,1,2022
33256439000139,2022-12-31,Sem Ressalva,2022,1,2022
33352394000104,2022-12-31,Com Ressalva,2022,1,2022
33376989000191,2022-12-31,Sem Ressalva,2022,3,2022
33386210000119,2022-12-31,Sem Ressalva,2022,2,2022
33412081000196,2022-12-31,Com Ressalva,2022,1,2022
33453598000123,2022-03-31,Sem Ressalva,2022,1,2022
33467572000134,2022-12-31,Sem Ressalva,2022,1,2022
33541368000116,2022-12-31,Sem Ressalva,2022,1,2022
33572408000197,2022-12-31,Sem Ressalva,2022,1,2022
33592510000154,2022-12-31,Sem Ressalva,2022,2,2022
33611500000119,2022-12-31,Sem Ressalva,2022,1,2022
33839910000111,2022-12-31,Sem Ressalva,2022,1,2022
33938119000169,2022-12-31,Sem Ressalva,2022,1,2022
33958695000178,2022-12-31,Sem Ressalva,2022,1,2022
34169557000172,2022-12-31,Sem Ressalva,2022,1,2022
34274233000102,2022-12-31,Sem Ressalva,2022,1,2022
35082277000195,2022-12-31,Sem Ressalva,2022,1,2022
35522178000187,2022-12-31,Sem Ressalva,2022,1,2022
35593905000105,2022-12-31,Sem Ressalva,2022,1,2022
35727157000106,2022-12-31,Sem Ressalva,2022,1,2022
35791391000194,2022-12-31,Sem Ressalva,2022,1,2022
35822503000127,2022-12-31,Sem Ressalva,2022,1,2022
35980592000130,2022-12-31,Sem Ressalva,2022,1,2022
36146575000164,2022-12-31,Sem Ressalva,2022,1,2022
36542025000164,2022-12-31,Sem Ressalva,2022,1,2022
36763716000198,2022-12-31,Sem Ressalva,2022,2,2022
37663076000107,2022-12-31,Sem Ressalva,2022,1,2022
37702340000174,2022-12-31,Sem Ressalva,2022,1,2022
38042694000100,2022-12-31,Sem Ressalva,2022,1,2022
38126888000186,2022-12-31,Sem Ressalva,2022,1,2022
38199406000118,2022-12-31,Sem Ressalva,2022,2,2022
38307135000177,2022-12-31,Sem Ressalva,2022,1,2022
38456921000136,2022-12-31,Sem Ressalva,2022,2,2022
38482780000126,2022-12-31,Sem Ressalva,2022,1,2022
38543489000110,2022-12-31,Sem Ressalva,2022,1,2022
39115514000128,2022-12-31,Sem Ressalva,2022,1,2022
39346861035038,2022-12-31,Sem Ressalva,2022,1,2022
39580673000101,2022-12-31,Sem Ressalva,2022,1,2022
39881421000104,2022-12-31,Sem Ressalva,2022,1,2022
40159947000164,2022-12-31,Sem Ressalva,2022,2,2022
40180943000168,2022-12-31,Sem Ressalva,2022,1,2022
40263170000183,2022-12-31,Sem Ressalva,2022,1,2022
40337136000106,2022-12-31,Sem Ressalva,2022,1,2022
40480481000102,2022-12-31,Sem Ressalva,2022,2,2022
40593395000106,2022-02-28,Sem Ressalva,2022,1,2022
40593395000106,2022-12-31,Sem Ressalva,2022,1,2022
40997635000120,2022-12-31,Sem Ressalva,2022,1,2022
41052420000107,2022-12-31,Sem Ressalva,2022,1,2022
41096674000119,2022-12-31,Sem Ressalva,2022,1,2022
41335131000107,2022-12-31,Sem Ressalva,2022,1,2022
41508382000146,2022-12-31,Sem Ressalva,2022,1,2022
41570356000148,2022-12-31,Sem Ressalva,2022,1,2022
41886692000102,2022-12-31,Sem Ressalva,2022,1,2022
42150391000170,2022-12-31,Sem Ressalva,2022,1,2022
42233757000175,2022-12-31,Sem Ressalva,2022,1,2022
42278291000124,2022-12-31,Sem Ressalva,2022,1,2022
42278473000103,2022-12-31,Sem Ressalva,2022,1,2022
42292007000174,2022-12-31,Sem Ressalva,2022,1,2022
42310775000103,2022-12-31,Sem Ressalva,2022,1,2022
42331462000131,2022-12-31,Sem Ressalva,2022,1,2022
42353180000135,2022-12-31,Sem Ressalva,2022,2,2022
42500384000151,2022-12-31,Sem Ressalva,2022,5,2022
42644220000106,2022-12-31,Sem Ressalva,2022,1,2022
42737954000121,2022-12-31,Sem Ressalva,2022,2,2022
42771949000135,2022-12-31,Sem Ressalva,2022,1,2022
43283811000150,2022-12-31,Sem Ressalva,2022,1,2022
43335774000186,2022-12-31,Sem Ressalva,2022,1,2022
43470988000165,2022-12-31,Sem Ressalva,2022,1,2022
43513237000189,2022-12-31,Sem Ressalva,2022,1,2022
43514079000181,2022-12-31,Sem Ressalva,2022,1,2022
43776517000180,2022-12-31,Sem Ressalva,2022,1,2022
43948405000169,2022-12-31,Sem Ressalva,2022,3,2022
44067725000172,2022-12-31,Sem Ressalva,2022,1,2022
44319688000142,2022-12-31,Sem Ressalva,2022,1,2022
45242914000105,2022-12-31,Sem Ressalva,2022,1,2022
45365558000109,2022-12-31,Sem Ressalva,2022,1,2022
45453214000151,2022-12-31,Sem Ressalva,2022,2,2022
45456117000112,2022-12-31,Sem Ressalva,2022,1,2022
45987245000192,2022-12-31,Sem Ressalva,2022,1,2022
46119855000137,2022-12-31,Sem Ressalva,2022,1,2022
47508411000156,2022-12-31,Sem Ressalva,2022,1,2022
47509120000182,2022-12-31,Sem Ressalva,2022,1,2022
47586663000101,2022-12-31,Sem Ressalva,2022,1,2022
47960950000121,2022-12-31,Sem Ressalva,2022,1,2022
49263189000102,2022-12-31,Sem Ressalva,2022,2,2022
49669856000143,2022-12-31,Sem Ressalva,2022,2,2022
50564053000103,2022-12-31,Sem Ressalva,2022,1,2022
50746577000115,2022-12-31,Sem Ressalva,2022,1,2022
50926955000142,2022-12-31,Sem Ressalva,2022,3,2022
51128999000190,2022-12-31,Sem Ressalva,2022,1,2022
51218147000193,2022-12-31,Sem Ressalva,2022,2,2022
51466860000156,2022-03-31,Sem Ressalva,2022,1,2022
51928174000150,2022-12-31,Sem Ressalva,2022,1,2022
52123916000132,2022-12-31,Sem Ressalva,2022,1,2022
52548435000179,2022-12-31,Sem Ressalva,2022,1,2022
53113791000122,2022-12-31,Sem Ressalva,2022,1,2022
56444250000175,2022-12-31,Sem Ressalva,2022,1,2022
56643018000166,2022-12-31,Sem Ressalva,2022,1,2022
56720428000163,2022-12-31,Sem Ressalva,2022,1,2022
56992423000190,2022-12-31,Sem Ressalva,2022,1,2022
58119199000151,2022-12-31,Sem Ressalva,2022,1,2022
58430828000160,2022-12-31,Sem Ressalva,2022,1,2022
59105999000186,2022-12-31,Sem Ressalva,2022,4,2022
59285411000113,2022-12-31,Sem Ressalva,2022,1,2022
59418806000147,2022-12-31,Sem Ressalva,2022,1,2022
59717553000102,2022-12-31,Sem Ressalva,2022,1,2022
59789545000171,2022-12-31,Sem Ressalva,2022,1,2022
59981829000165,2022-12-31,Sem Ressalva,2022,1,2022
60398369000479,2022-12-31,Negativa de Opinião,2022,1,2022
60444437000146,2022-12-31,Sem Ressalva,2022,1,2022
60476884000187,2022-12-31,Sem Ressalva,2022,2,2022
60500139000126,2022-12-31,Negativa de Opinião,2022,1,2022
60537263000166,2022-12-31,Sem Ressalva,2022,1,2022
60543816000193,2022-12-31,Sem Ressalva,2022,1,2022
60651809000105,2022-12-31,Sem Ressalva,2022,1,2022
60665981000118,2022-12-31,Sem Ressalva,2022,1,2022
60730348000166,2022-12-31,Sem Ressalva,2022,1,2022
60746948000112,2022-12-31,Sem Ressalva,2022,1,2022
60770336000165,2022-12-31,Sem Ressalva,2022,1,2022
60840055000131,2022-12-31,Sem Ressalva,2022,1,2022
60851615000153,2022-12-31,Com Ressalva,2022,1,2022
60872504000123,2022-12-31,Sem Ressalva,2022,1,2022
60884319000159,2022-12-31,Com Ressalva,2022,1,2022
60894730000105,2022-12-31,Sem Ressalva,2022,1,2022
60933603000178,2022-12-31,Sem Ressalva,2022,1,2022
61022042000118,2022-12-31,Sem Ressalva,2022,1,2022
61065298000102,2022-12-31,Sem Ressalva,2022,1,2022
61065751000180,2022-12-31,Negativa de Opinião,2022,2,2022
61079117000105,2022-12-31,Sem Ressalva,2022,3,2022
61080313000191,2022-12-31,Negativa de Opinião,2022,1,2022
61082004000150,2022-12-31,Sem Ressalva,2022,1,2022
61088894000108,2022-12-31,Sem Ressalva,2022,2,2022
61092037000181,2022-12-31,Sem Ressalva,2022,1,2022
61156113000175,2022-12-31,Sem Ressalva,2022,1,2022
61156931000178,2022-12-31,Sem Ressalva,2022,1,2022
61186680000174,2022-12-31,Sem Ressalva,2022,1,2022
61189288000189,2022-12-31,Com Ressalva,2022,2,2022
61190096000192,2022-12-31,Sem Ressalva,2022,1,2022
61351532000168,2022-12-31,Sem Ressalva,2022,2,2022
61374161000130,2022-12-31,Sem Ressalva,2022,1,2022
61409892000173,2022-12-31,Sem Ressalva,2022,2,2022
61486650000183,2022-12-31,Sem Ressalva,2022,1,2022
61532644000115,2022-12-31,Sem Ressalva,2022,1,2022
61584140000149,2022-12-31,Sem Ressalva,2022,1,2022
61585865000151,2022-12-31,Sem Ressalva,2022,1,2022
61695227000193,2022-12-31,Sem Ressalva,2022,1,2022
61856571000117,2022-12-31,Sem Ressalva,2022,1,2022
62002886000160,2022-12-31,Sem Ressalva,2022,2,2022
62070362000106,2022-12-31,Sem Ressalva,2022,1,2022
62144175000120,2022-12-31,Sem Ressalva,2022,4,2022
62232889000190,2022-12-31,Sem Ressalva,2022,2,2022
62258884000136,2022-12-31,Sem Ressalva,2022,1,2022
62307848000115,2022-12-31,Sem Ressalva,2022,1,2022
62984091000102,2022-12-31,Sem Ressalva,2022,1,2022
64904295000103,2022-02-28,Sem Ressalva,2022,2,2022
65654303000173,2022-12-31,Sem Ressalva,2022,1,2022
67010660000124,2022-12-31,Sem Ressalva,2022,3,2022
67571414000141,2022-12-31,Sem Ressalva,2022,2,2022
67620377000114,2022-12-31,Sem Ressalva,2022,1,2022
68400225000179,2022-06-30,Sem Ressalva,2022,2,2022
71208516000174,2022-12-31,Sem Ressalva,2022,1,2022
71476527000135,2022-12-31,Sem Ressalva,2022,1,2022
71673990000177,2022-12-31,Sem Ressalva,2022,1,2022
73178600000118,2022-12-31,Sem Ressalva,2022,1,2022
73903718000161,2022-12-31,Sem Ressalva,2022,1,2022
75315333000109,2022-12-31,Sem Ressalva,2022,1,2022
75609123000123,2022-12-31,Sem Ressalva,2022,2,2022
76483817000120,2022-12-31,Sem Ressalva,2022,1,2022
76484013000145,2022-12-31,Sem Ressalva,2022,1,2022
76535764000143,2022-12-31,Negativa de Opinião,2022,1,2022
76627504000106,2022-12-31,Com Ressalva,2022,1,2022
79430682000122,2022-12-31,Sem Ressalva,2022,1,2022
80227184000166,2022-12-31,Sem Ressalva,2022,2,2022
80680093000181,2022-12-31,Sem Ressalva,2022,1,2022
81243735000148,2022-12-31,Sem Ressalva,2022,1,2022
81616807000155,2022-12-31,Sem Ressalva,2022,1,2022
82120676000183,2022-12-31,Sem Ressalva,2022,1,2022
82508433000117,2022-12-31,Sem Ressalva,2022,1,2022
82636986000155,2022-12-31,Negativa de Opinião,2022,1,2022
82640558000104,2022-12-31,Sem Ressalva,2022,2,2022
82643537000134,2022-12-31,Sem Ressalva,2022,1,2022
82901000000127,2022-12-31,Sem Ressalva,2022,2,2022
82981929000103,2022-12-31,Adverso,2022,1,2022
82982075000180,2022-12-31,Sem Ressalva,2022,1,2022
83475913000191,2022-12-31,Sem Ressalva,2022,1,2022
83878892000155,2022-12-31,Sem Ressalva,2022,1,2022
84429695000111,2022-12-31,Sem Ressalva,2022,1,2022
84683374000149,2022-12-31,Sem Ressalva,2022,2,2022
84683408000103,2022-12-31,Sem Ressalva,2022,1,2022
84683671000194,2022-12-31,Sem Ressalva,2022,1,2022
84684455000163,2022-12-31,Sem Ressalva,2022,1,2022
84693183000168,2022-12-31,Sem Ressalva,2022,1,2022
85041333000111,2022-12-31,Sem Ressalva,2022,2,2022
85778074000106,2022-12-31,Sem Ressalva,2022,1,2022
86375425000109,2022-12-31,Sem Ressalva,2022,1,2022
86550951000150,2022-12-31,Sem Ressalva,2022,1,2022
87043832000173,2022-12-31,Sem Ressalva,2022,1,2022
87456562000122,2022-12-31,Sem Ressalva,2022,1,2022
87762563000103,2022-12-31,Sem Ressalva,2022,1,2022
87870952000144,2022-12-31,Sem Ressalva,2022,1,2022
88610126000129,2022-12-31,Sem Ressalva,2022,2,2022
88610191000154,2022-12-31,Sem Ressalva,2022,1,2022
88611835000129,2022-12-31,Sem Ressalva,2022,1,2022
88613658000110,2022-06-30,Sem Ressalva,2022,1,2022
89086144000116,2022-12-31,Sem Ressalva,2022,1,2022
89096457000155,2022-12-31,Sem Ressalva,2022,2,2022
89463822000112,2022-12-31,Sem Ressalva,2022,2,2022
89637490000145,2022-12-31,Sem Ressalva,2022,1,2022
89723993000133,2022-12-31,Sem Ressalva,2022,1,2022
89850341000160,2022-12-31,Sem Ressalva,2022,1,2022
90076886000140,2022-12-31,Sem Ressalva,2022,1,2022
90400888000142,2022-12-31,Sem Ressalva,2022,2,2022
90441460000148,2022-12-31,Sem Ressalva,2022,4,2022
91333666000117,2022-12-31,Sem Ressalva,2022,1,2022
91669747000192,2022-12-31,Sem Ressalva,2022,1,2022
91983056000169,2022-12-31,Sem Ressalva,2022,1,2022
92012467000170,2022-12-31,Sem Ressalva,2022,2,2022
92660570000126,2022-12-31,Sem Ressalva,2022,1,2022
92665611000177,2022-12-31,Sem Ressalva,2022,2,2022
92690783000109,2022-12-31,Sem Ressalva,2022,1,2022
92693019000189,2022-12-31,Sem Ressalva,2022,1,2022
92702067000196,2022-12-31,Sem Ressalva,2022,2,2022
92715812000131,2022-12-31,Sem Ressalva,2022,1,2022
92721232000157,2022-12-31,Sem Ressalva,2022,3,2022
92749225000163,2022-12-31,Sem Ressalva,2022,1,2022
92754738000162,2022-12-31,Sem Ressalva,2022,1,2022
92781335000102,2022-12-31,Sem Ressalva,2022,1,2022
92791243000103,2022-12-31,Sem Ressalva,2022,1,2022
92802784000190,2022-12-31,Sem Ressalva,2022,1,2022
93828986000173,2022-12-31,Sem Ressalva,2022,2,2022
94813102000170,2022-12-31,Sem Ressalva,2022,1,2022
95426862000197,2022-12-31,Sem Ressalva,2022,1,2022
96298013000168,2022-12-31,Sem Ressalva,2022,1,2022
96418264021802,2022-12-31,Sem Ressalva,2022,1,2022
97191902000194,2022-12-31,Sem Ressalva,2022,1,2022
97837181000147,2022-12-31,Sem Ressalva,2022,1,2022
00000000000191,2023-12-31,Sem Ressalva,2023,1,2023
00000208000100,2023-12-31,Sem Ressalva,2023,6,2023
00001180000126,2023-12-31,Sem Ressalva,2023,2,2023
00070698000111,2023-12-31,Sem Ressalva,2023,1,2023
00080671000100,2023-12-31,Com Ressalva,2023,1,2023
00192769000159,2023-12-31,Sem Ressalva,2023,1,2023
00194724000113,2023-12-31,Sem Ressalva,2023,2,2023
00242184000104,2023-12-31,Sem Ressalva,2023,1,2023
00272185000193,2023-12-31,Sem Ressalva,2023,1,2023
00336701000104,2023-12-31,Sem Ressalva,2023,1,2023
00357038000116,2023-12-31,Sem Ressalva,2023,1,2023
00359742000108,2023-12-31,Sem Ressalva,2023,1,2023
00383281000109,2023-12-31,Sem Ressalva,2023,2,2023
00389481000179,2023-12-31,Sem Ressalva,2023,2,2023
00545378000170,2023-12-31,Com Ressalva,2023,1,2023
00622416000141,2023-12-31,Sem Ressalva,2023,1,2023
00644907000193,2023-12-31,Sem Ressalva,2023,1,2023
00743065000127,2023-12-31,Sem Ressalva,2023,1,2023
00776574000156,2023-12-31,Sem Ressalva,2023,1,2023
00864214000106,2023-12-31,Sem Ressalva,2023,3,2023
00873894000124,2023-12-31,Sem Ressalva,2023,1,2023
00897864000158,2023-12-31,Com Ressalva,2023,1,2023
00924429000175,2023-12-31,Sem Ressalva,2023,1,2023
00938574000105,2023-12-31,Sem Ressalva,2023,1,2023
00974211000125,2023-12-31,Sem Ressalva,2023,1,2023
00979969000156,2023-12-31,Sem Ressalva,2023,1,2023
01027058000191,2023-12-31,Sem Ressalva,2023,1,2023
01083200000118,2023-12-31,Sem Ressalva,2023,1,2023
01104937000170,2023-12-31,Sem Ressalva,2023,2,2023
01107327000120,2023-12-31,Com Ressalva,2023,1,2023
01258944000126,2023-12-31,Sem Ressalva,2023,1,2023
01319044000141,2023-12-31,Sem Ressalva,2023,1,2023
01417222000177,2023-12-31,Sem Ressalva,2023,1,2023
01543032000104,2023-12-31,Sem Ressalva,2023,1,2023
01545826000107,2023-12-31,Sem Ressalva,2023,1,2023
01548981000179,2023-12-31,Sem Ressalva,2023,1,2023
01599101000193,2023-12-31,Sem Ressalva,2023,1,2023
01616929000102,2023-12-31,Sem Ressalva,2023,3,2023
01637895000132,2023-12-31,Sem Ressalva,2023,1,2023
01838723000127,2023-12-31,Sem Ressalva,2023,1,2023
01851771000155,2023-12-31,Sem Ressalva,2023,1,2023
01896779000138,2023-12-31,Sem Ressalva,2023,1,2023
01917818000136,2023-12-31,Negativa de Opinião,2023,1,2023
01938783000111,2023-12-31,Sem Ressalva,2023,2,2023
01957772000189,2023-12-31,Sem Ressalva,2023,2,2023
01968293000168,2023-12-31,Sem Ressalva,2023,1,2023
01989044000159,2023-12-31,Sem Ressalva,2023,1,2023
02016440000162,2023-12-31,Sem Ressalva,2023,1,2023
02016507000169,2023-12-31,Sem Ressalva,2023,1,2023
02031413000169,2023-12-31,Sem Ressalva,2023,1,2023
02041460000193,2023-12-31,Sem Ressalva,2023,1,2023
02062747000108,2023-12-31,Sem Ressalva,2023,2,2023
02149205000169,2023-12-31,Sem Ressalva,2023,1,2023
02162616000194,2023-12-31,Sem Ressalva,2023,2,2023
02193750000152,2023-12-31,Sem Ressalva,2023,1,2023
02201787000185,2023-12-31,Sem Ressalva,2023,1,2023
02217319000107,2023-12-31,Sem Ressalva,2023,4,2023
02255187000108,2023-12-31,Sem Ressalva,2023,1,2023
02258422000197,2023-12-31,Sem Ressalva,2023,1,2023
02281836000137,2023-12-31,Sem Ressalva,2023,1,2023
02286479000108,2023-12-31,Sem Ressalva,2023,1,2023
02291077000193,2023-12-31,Sem Ressalva,2023,1,2023
02302100000106,2023-12-31,Sem Ressalva,2023,1,2023
02302101000142,2023-12-31,Sem Ressalva,2023,1,2023
02328280000197,2023-12-31,Sem Ressalva,2023,1,2023
02338534000158,2023-12-31,Sem Ressalva,2023,1,2023
02351144000118,2023-12-31,Sem Ressalva,2023,1,2023
02351877000152,2023-12-31,Sem Ressalva,2023,1,2023
02357251000153,2023-12-31,Sem Ressalva,2023,1,2023
02365069000144,2023-12-31,Sem Ressalva,2023,2,2023
02382073000110,2023-12-31,Sem Ressalva,2023,1,2023
02387241000160,2023-12-31,Sem Ressalva,2023,1,2023
02397080000196,2023-12-31,Sem Ressalva,2023,1,2023
02421421000111,2023-12-31,Sem Ressalva,2023,1,2023
02429144000193,2023-12-31,Sem Ressalva,2023,1,2023
02451848000162,2023-12-31,Sem Ressalva,2023,1,2023
02474103000119,2023-12-31,Sem Ressalva,2023,1,2023
02502844000166,2023-12-31,Sem Ressalva,2023,1,2023
02509491000126,2023-12-31,Sem Ressalva,2023,1,2023
02536066000126,2023-12-31,Sem Ressalva,2023,1,2023
02558157000162,2023-12-31,Sem Ressalva,2023,1,2023
02560878000107,2023-12-31,Sem Ressalva,2023,1,2023
02591787000139,2023-12-31,Sem Ressalva,2023,1,2023
02600854000134,2023-12-31,Sem Ressalva,2023,1,2023
02635522000195,2023-03-31,Sem Ressalva,2023,2,2023
02664042000152,2023-12-31,Sem Ressalva,2023,1,2023
02682287000102,2023-12-31,Sem Ressalva,2023,1,2023
02724983000134,2023-12-31,Sem Ressalva,2023,1,2023
02762113000150,2023-12-31,Sem Ressalva,2023,1,2023
02762121000104,2023-12-31,Sem Ressalva,2023,1,2023
02762124000130,2023-12-31,Sem Ressalva,2023,1,2023
02783423000150,2023-12-31,Sem Ressalva,2023,1,2023
02796775000140,2023-12-31,Sem Ressalva,2023,1,2023
02800026000140,2023-12-31,Sem Ressalva,2023,1,2023
02846056000197,2023-12-31,Sem Ressalva,2023,1,2023
02860694000162,2023-12-31,Sem Ressalva,2023,2,2023
02916265000160,2023-12-31,Sem Ressalva,2023,1,2023
02919555000167,2023-12-31,Sem Ressalva,2023,3,2023
02932074000191,2023-12-31,Sem Ressalva,2023,1,2023
02950811000189,2023-12-31,Sem Ressalva,2023,1,2023
02992449000109,2023-12-31,Sem Ressalva,2023,1,2023
02998301000181,2023-12-31,Sem Ressalva,2023,1,2023
02998611000104,2023-12-31,Sem Ressalva,2023,1,2023
03014553000191,2023-12-31,Sem Ressalva,2023,2,2023
03025305000146,2023-12-31,Sem Ressalva,2023,1,2023
03207703000183,2023-12-31,Sem Ressalva,2023,2,2023
03220438000173,2023-12-31,Sem Ressalva,2023,1,2023
03279285000130,2023-12-31,Sem Ressalva,2023,2,2023
03303999000136,2023-12-31,Sem Ressalva,2023,1,2023
03342704000130,2023-12-31,Sem Ressalva,2023,1,2023
03378521000175,2023-12-31,Negativa de Opinião,2023,1,2023
03467321000199,2023-12-31,Sem Ressalva,2023,1,2023
03494776000101,2023-12-31,Negativa de Opinião,2023,1,2023
03538833000107,2023-12-31,Sem Ressalva,2023,1,2023
03758318000124,2023-12-31,Sem Ressalva,2023,1,2023
03767538000114,2023-12-31,Sem Ressalva,2023,1,2023
03795050000109,2023-12-31,Sem Ressalva,2023,1,2023
03802115000198,2023-12-31,Sem Ressalva,2023,1,2023
03818379000130,2023-12-31,Sem Ressalva,2023,1,2023
03820456000196,2023-12-31,Sem Ressalva,2023,1,2023
03847461000192,2023-12-31,Sem Ressalva,2023,1,2023
03853896000140,2023-12-31,Sem Ressalva,2023,1,2023
03953509000147,2023-12-31,Sem Ressalva,2023,1,2023
03983431000103,2023-12-31,Sem Ressalva,2023,1,2023
04030182000102,2023-12-31,Sem Ressalva,2023,1,2023
04031213000131,2023-12-31,Sem Ressalva,2023,1,2023
04032433000180,2023-12-31,Com Ressalva,2023,2,2023
04038763000182,2023-12-31,Sem Ressalva,2023,1,2023
04065053000141,2023-12-31,Sem Ressalva,2023,1,2023
04069709000102,2023-12-31,Sem Ressalva,2023,1,2023
04089570000150,2023-12-31,Sem Ressalva,2023,1,2023
04149454000180,2023-12-31,Sem Ressalva,2023,1,2023
04172213000151,2023-12-31,Sem Ressalva,2023,1,2023
04212396000191,2023-12-31,Sem Ressalva,2023,2,2023
04233319000118,2023-12-31,Sem Ressalva,2023,1,2023
04368865000166,2023-12-31,Sem Ressalva,2023,1,2023
04368898000106,2023-12-31,Sem Ressalva,2023,1,2023
04370282000170,2023-12-31,Sem Ressalva,2023,1,2023
04423567000121,2023-12-31,Sem Ressalva,2023,1,2023
04601397000128,2023-12-31,Sem Ressalva,2023,1,2023
04739720000124,2023-12-31,Sem Ressalva,2023,1,2023
04752991000110,2023-12-31,Sem Ressalva,2023,1,2023
04821041000108,2023-12-31,Sem Ressalva,2023,1,2023
04895728000180,2023-12-31,Sem Ressalva,2023,1,2023
04902979000144,2023-12-31,Sem Ressalva,2023,1,2023
04912242000102,2023-12-31,Com Ressalva,2023,1,2023
04913711000108,2023-12-31,Com Ressalva,2023,1,2023
04972092000122,2023-12-31,Sem Ressalva,2023,2,2023
04986320000113,2023-12-31,Sem Ressalva,2023,1,2023
04992714000184,2023-12-31,Sem Ressalva,2023,1,2023
05197443000138,2023-12-31,Sem Ressalva,2023,2,2023
05303439000107,2023-12-31,Sem Ressalva,2023,1,2023
05336882000184,2023-12-31,Sem Ressalva,2023,1,2023
05347060000107,2023-12-31,Sem Ressalva,2023,1,2023
05878397000132,2023-12-31,Sem Ressalva,2023,1,2023
05917486000140,2023-12-31,Sem Ressalva,2023,1,2023
06016348000153,2023-12-31,Sem Ressalva,2023,2,2023
06047087000139,2023-12-31,Sem Ressalva,2023,1,2023
06057223000171,2023-12-31,Sem Ressalva,2023,1,2023
06164253000187,2023-12-31,Sem Ressalva,2023,1,2023
06272793000184,2023-12-31,Sem Ressalva,2023,2,2023
06347409000165,2023-12-31,Sem Ressalva,2023,1,2023
06626253000151,2023-12-31,Sem Ressalva,2023,1,2023
06977745000191,2023-12-31,Sem Ressalva,2023,1,2023
06981176000158,2023-12-31,Sem Ressalva,2023,2,2023
06981180000116,2023-12-31,Sem Ressalva,2023,2,2023
06981381000113,2023-03-31,Sem Ressalva,2023,2,2023
07040108000157,2023-12-31,Sem Ressalva,2023,1,2023
07043628000113,2023-12-31,Sem Ressalva,2023,1,2023
07047251000170,2023-12-31,Sem Ressalva,2023,1,2023
07119838000148,2023-12-31,Sem Ressalva,2023,1,2023
07206816000115,2023-12-31,Sem Ressalva,2023,1,2023
07237373000120,2023-12-31,Sem Ressalva,2023,1,2023
07253321000147,2023-12-31,Sem Ressalva,2023,1,2023
07275159000168,2023-12-31,Sem Ressalva,2023,1,2023
07282377000120,2023-12-31,Sem Ressalva,2023,1,2023
07334600000135,2023-12-31,Sem Ressalva,2023,1,2023
07401436000131,2023-12-31,Sem Ressalva,2023,1,2023
07415333000120,2023-12-31,Sem Ressalva,2023,1,2023
07526557000100,2023-12-31,Sem Ressalva,2023,1,2023
07594978000178,2023-12-31,Sem Ressalva,2023,1,2023
07628528000159,2023-06-30,Sem Ressalva,2023,1,2023
07636657000199,2023-12-31,Sem Ressalva,2023,2,2023
07659538000151,2023-12-31,Sem Ressalva,2023,2,2023
07682638000107,2023-12-31,Sem Ressalva,2023,1,2023
07689002000189,2023-12-31,Sem Ressalva,2023,1,2023
07704246000193,2023-12-31,Sem Ressalva,2023,1,2023
07714104000107,2023-12-31,Sem Ressalva,2023,1,2023
07718269000157,2023-12-31,Negativa de Opinião,2023,2,2023
07802794000156,2023-12-31,Sem Ressalva,2023,1,2023
07816890000153,2023-12-31,Sem Ressalva,2023,1,2023
07820907000146,2023-12-31,Sem Ressalva,2023,2,2023
07823262000103,2023-12-31,Sem Ressalva,2023,1,2023
07857093000114,2023-12-31,Sem Ressalva,2023,2,2023
07857850000150,2023-12-31,Sem Ressalva,2023,1,2023
07859971000130,2023-12-31,Sem Ressalva,2023,1,2023
07882930000165,2023-12-31,Sem Ressalva,2023,1,2023
07976147000160,2023-12-31,Sem Ressalva,2023,1,2023
08065557000112,2023-12-31,Sem Ressalva,2023,1,2023
08070508000178,2023-03-31,Sem Ressalva,2023,1,2023
08078847000109,2023-12-31,Sem Ressalva,2023,1,2023
08100057000174,2023-12-31,Sem Ressalva,2023,1,2023
08159965000133,2023-12-31,Sem Ressalva,2023,1,2023
08170849000115,2023-12-31,Sem Ressalva,2023,2,2023
08213823000107,2023-12-31,Sem Ressalva,2023,1,2023
08262121000113,2023-12-31,Sem Ressalva,2023,1,2023
08294224000165,2023-12-31,Sem Ressalva,2023,1,2023
08312229000173,2023-12-31,Sem Ressalva,2023,2,2023
08322396000103,2023-03-31,Sem Ressalva,2023,1,2023
08324196000181,2023-12-31,Sem Ressalva,2023,1,2023
08343492000120,2023-12-31,Sem Ressalva,2023,1,2023
08364948000138,2023-12-31,Sem Ressalva,2023,1,2023
08397078000101,2023-12-31,Sem Ressalva,2023,1,2023
08402943000152,2023-12-31,Sem Ressalva,2023,1,2023
08424178000171,2023-12-31,Sem Ressalva,2023,1,2023
08439659000150,2023-12-31,Sem Ressalva,2023,1,2023
08467115000100,2023-12-31,Sem Ressalva,2023,1,2023
08493364000162,2023-03-31,Sem Ressalva,2023,1,2023
08534605000174,2023-12-31,Sem Ressalva,2023,1,2023
08560444000193,2023-12-31,Sem Ressalva,2023,1,2023
08574411000100,2023-12-31,Sem Ressalva,2023,1,2023
08613550000198,2023-12-31,Negativa de Opinião,2023,2,2023
08764621000153,2023-12-31,Sem Ressalva,2023,1,2023
08769451000108,2023-12-31,Sem Ressalva,2023,1,2023
08773135000100,2023-12-31,Com Ressalva,2023,1,2023
08773191000136,2023-12-31,Sem Ressalva,2023,1,2023
08795211000170,2023-12-31,Sem Ressalva,2023,1,2023
08797760000183,2023-12-31,Sem Ressalva,2023,1,2023
08801621000186,2023-12-31,Sem Ressalva,2023,1,2023
08807432000110,2023-12-31,Sem Ressalva,2023,1,2023
08811643000127,2023-12-31,Sem Ressalva,2023,1,2023
08822767000108,2023-12-31,Sem Ressalva,2023,1,2023
08827501000158,2023-12-31,Sem Ressalva,2023,2,2023
08873873000110,2023-12-31,Sem Ressalva,2023,1,2023
08902291000115,2023-12-31,Sem Ressalva,2023,2,2023
08926302000105,2023-12-31,Sem Ressalva,2023,1,2023
08935054000150,2023-12-31,Sem Ressalva,2023,2,2023
08937002000113,2023-12-31,Sem Ressalva,2023,1,2023
09041168000110,2023-12-31,Sem Ressalva,2023,1,2023
09042817000105,2023-12-31,Sem Ressalva,2023,3,2023
09053134000145,2023-12-31,Sem Ressalva,2023,3,2023
09054385000144,2023-12-31,Com Ressalva,2023,1,2023
09074183000164,2023-12-31,Sem Ressalva,2023,3,2023
09095183000140,2023-12-31,Sem Ressalva,2023,2,2023
09112685000132,2023-12-31,Negativa de Opinião,2023,1,2023
09114805000130,2023-12-31,Sem Ressalva,2023,1,2023
09116278000101,2023-12-31,Com Ressalva,2023,1,2023
09146451000106,2023-12-31,Sem Ressalva,2023,1,2023
09149503000106,2023-12-31,Sem Ressalva,2023,1,2023
09229201000130,2023-12-31,Sem Ressalva,2023,1,2023
09257877000137,2023-12-31,Sem Ressalva,2023,1,2023
09267996000170,2023-12-31,Sem Ressalva,2023,1,2023
09288252000132,2023-12-31,Sem Ressalva,2023,1,2023
09295063000197,2023-12-31,Sem Ressalva,2023,2,2023
09304427000158,2023-12-31,Sem Ressalva,2023,1,2023
09305994000129,2023-12-31,Sem Ressalva,2023,1,2023
09313969000197,2023-12-31,Sem Ressalva,2023,2,2023
09324949000111,2023-12-31,Sem Ressalva,2023,2,2023
09325109000173,2023-12-31,Sem Ressalva,2023,2,2023
09326342000170,2023-12-31,Sem Ressalva,2023,2,2023
09336431000106,2023-12-31,Sem Ressalva,2023,1,2023
09346601000125,2023-12-31,Sem Ressalva,2023,1,2023
09347516000181,2023-12-31,Sem Ressalva,2023,1,2023
09359927000197,2023-12-31,Sem Ressalva,2023,1,2023
09391823000160,2023-12-31,Sem Ressalva,2023,1,2023
09414761000164,2023-12-31,Sem Ressalva,2023,1,2023
09478309000166,2023-12-31,Sem Ressalva,2023,1,2023
09527023000123,2023-12-31,Sem Ressalva,2023,1,2023
09538973000153,2023-12-31,Sem Ressalva,2023,1,2023
09584854000137,2023-12-31,Sem Ressalva,2023,1,2023
09611768000176,2023-12-31,Sem Ressalva,2023,1,2023
09625321000156,2023-12-31,Sem Ressalva,2023,1,2023
09813204000116,2023-12-31,Sem Ressalva,2023,1,2023
10139870000108,2023-12-31,Sem Ressalva,2023,1,2023
10215988000160,2023-12-31,Sem Ressalva,2023,1,2023
10234027000100,2023-12-31,Sem Ressalva,2023,1,2023
10240186000100,2023-12-31,Sem Ressalva,2023,1,2023
10285590000108,2023-12-31,Sem Ressalva,2023,1,2023
10319900000150,2023-12-31,Sem Ressalva,2023,1,2023
10324624000118,2023-12-31,Sem Ressalva,2023,1,2023
10338320000100,2023-12-31,Sem Ressalva,2023,1,2023
10452416000102,2023-12-31,Sem Ressalva,2023,1,2023
10488244000119,2023-12-31,Sem Ressalva,2023,3,2023
10502676000137,2023-12-31,Sem Ressalva,2023,3,2023
10531501000158,2023-12-31,Sem Ressalva,2023,1,2023
10571175000102,2023-12-31,Sem Ressalva,2023,1,2023
10629105000168,2023-12-31,Sem Ressalva,2023,1,2023
10635691000153,2023-12-31,Sem Ressalva,2023,3,2023
10647979000148,2023-12-31,Sem Ressalva,2023,1,2023
10670314000155,2023-12-31,Sem Ressalva,2023,1,2023
10678505000163,2023-12-31,Negativa de Opinião,2023,2,2023
10739356000103,2023-12-31,Sem Ressalva,2023,3,2023
10760260000119,2023-12-31,Sem Ressalva,2023,1,2023
10807374000177,2023-12-31,Sem Ressalva,2023,2,2023
10835932000108,2023-12-31,Sem Ressalva,2023,1,2023
10841050000155,2023-12-31,Sem Ressalva,2023,1,2023
11274829000107,2023-12-31,Sem Ressalva,2023,1,2023
11284204000118,2023-12-31,Sem Ressalva,2023,1,2023
11421994000136,2023-12-31,Sem Ressalva,2023,3,2023
11669021000110,2023-12-31,Sem Ressalva,2023,1,2023
11716471000117,2023-12-31,Sem Ressalva,2023,1,2023
11721921000160,2023-12-31,Sem Ressalva,2023,1,2023
11992680000193,2023-12-31,Sem Ressalva,2023,1,2023
12049631000184,2023-12-31,Sem Ressalva,2023,1,2023
12091809000155,2023-12-31,Sem Ressalva,2023,1,2023
12104241000402,2023-12-31,Sem Ressalva,2023,1,2023
12108897000150,2023-12-31,Sem Ressalva,2023,3,2023
12181987000177,2023-12-31,Sem Ressalva,2023,1,2023
12300288000107,2023-12-31,Sem Ressalva,2023,2,2023
12420164000157,2023-12-31,Sem Ressalva,2023,1,2023
12489315000123,2023-12-31,Sem Ressalva,2023,1,2023
12528708000107,2023-12-31,Sem Ressalva,2023,1,2023
12592831000189,2023-12-31,Sem Ressalva,2023,1,2023
12648266000124,2023-12-31,Sem Ressalva,2023,3,2023
12648327000153,2023-12-31,Sem Ressalva,2023,1,2023
12919786000124,2023-12-31,Sem Ressalva,2023,1,2023
13009717000146,2023-12-31,Sem Ressalva,2023,1,2023
13017462000163,2023-12-31,Sem Ressalva,2023,1,2023
13217485000111,2023-12-31,Sem Ressalva,2023,2,2023
13270520000166,2023-12-31,Sem Ressalva,2023,1,2023
13444994000187,2023-12-31,Com Ressalva,2023,1,2023
13522948000159,2023-12-31,Sem Ressalva,2023,1,2023
13574594000196,2023-12-31,Sem Ressalva,2023,1,2023
13584310000142,2023-12-31,Sem Ressalva,2023,1,2023
13783221000478,2023-12-31,Sem Ressalva,2023,1,2023
14110585000107,2023-12-31,Sem Ressalva,2023,1,2023
14127813000151,2023-12-31,Sem Ressalva,2023,1,2023
14191427000129,2023-12-31,Sem Ressalva,2023,1,2023
14292540000109,2023-12-31,Sem Ressalva,2023,1,2023
14388334000199,2023-12-31,Sem Ressalva,2023,2,2023
14776142000150,2023-12-31,Sem Ressalva,2023,1,2023
14785152000151,2023-12-31,Sem Ressalva,2023,1,2023
14796754000104,2023-12-31,Sem Ressalva,2023,1,2023
14807945000124,2023-12-31,Sem Ressalva,2023,1,2023
14876090000193,2023-12-31,Sem Ressalva,2023,1,2023
14882295000181,2023-12-31,Sem Ressalva,2023,1,2023
14998371000119,2023-12-31,Sem Ressalva,2023,2,2023
15073274000188,2023-12-31,Sem Ressalva,2023,1,2023
15090690000194,2023-12-31,Sem Ressalva,2023,1,2023
15114494000102,2023-12-31,Sem Ressalva,2023,1,2023
15115504000124,2023-12-31,Sem Ressalva,2023,1,2023
15139629000194,2023-12-31,Sem Ressalva,2023,1,2023
15141799000103,2023-12-31,Sem Ressalva,2023,1,2023
15385166000140,2023-12-31,Sem Ressalva,2023,2,2023
15413826000150,2023-12-31,Sem Ressalva,2023,1,2023
15440708000130,2023-12-31,Sem Ressalva,2023,1,2023
15484093000144,2023-12-31,Sem Ressalva,2023,1,2023
15494541000190,2023-12-31,Sem Ressalva,2023,1,2023
15578569000106,2023-12-31,Sem Ressalva,2023,3,2023
15688041000190,2023-12-31,Sem Ressalva,2023,1,2023
16233389000155,2023-12-31,Sem Ressalva,2023,2,2023
16234171000115,2023-12-31,Sem Ressalva,2023,1,2023
16404287000155,2023-12-31,Sem Ressalva,2023,1,2023
16590234000176,2023-12-31,Sem Ressalva,2023,1,2023
16614075000100,2023-12-31,Sem Ressalva,2023,1,2023
16670085000155,2023-12-31,Sem Ressalva,2023,3,2023
16676520000159,2023-12-31,Sem Ressalva,2023,1,2023
16811931000100,2023-12-31,Sem Ressalva,2023,2,2023
16838421000126,2023-12-31,Sem Ressalva,2023,1,2023
16922038000151,2023-12-31,Sem Ressalva,2023,1,2023
17155730000164,2023-12-31,Sem Ressalva,2023,1,2023
17159005000164,2023-12-31,Sem Ressalva,2023,1,2023
17159229000176,2023-12-31,Sem Ressalva,2023,1,2023
17161241000115,2023-12-31,Sem Ressalva,2023,1,2023
17162082000173,2023-12-31,Negativa de Opinião,2023,1,2023
17167396000169,2023-12-31,Sem Ressalva,2023,1,2023
17167412000113,2023-12-31,Sem Ressalva,2023,1,2023
17184037000110,2023-12-31,Sem Ressalva,2023,1,2023
17193806000146,2023-12-31,Sem Ressalva,2023,1,2023
17234244000131,2023-12-31,Sem Ressalva,2023,1,2023
17245234000100,2023-12-31,Sem Ressalva,2023,1,2023
17281106000103,2023-12-31,Sem Ressalva,2023,1,2023
17314329000120,2023-12-31,Sem Ressalva,2023,1,2023
17344597000194,2023-12-31,Sem Ressalva,2023,1,2023
17359233000188,2023-12-31,Sem Ressalva,2023,1,2023
18174270000184,2023-12-31,Sem Ressalva,2023,1,2023
18328118000109,2023-12-31,Sem Ressalva,2023,1,2023
18483666000103,2023-12-31,Sem Ressalva,2023,1,2023
18494485000182,2023-12-31,Sem Ressalva,2023,1,2023
18572225000188,2023-12-31,Sem Ressalva,2023,1,2023
18593815000197,2023-12-31,Sem Ressalva,2023,2,2023
18903785000178,2023-12-31,Sem Ressalva,2023,1,2023
19014221000147,2023-12-31,Sem Ressalva,2023,1,2023
19208022000170,2023-12-31,Sem Ressalva,2023,1,2023
19403252000190,2023-12-31,Sem Ressalva,2023,2,2023
19521322000104,2023-12-31,Sem Ressalva,2023,2,2023
19526748000150,2023-12-31,Sem Ressalva,2023,1,2023
19527586000175,2023-12-31,Sem Ressalva,2023,1,2023
19527639000158,2023-12-31,Sem Ressalva,2023,1,2023
19642306000170,2023-12-31,Sem Ressalva,2023,1,2023
19726048000100,2023-12-31,Sem Ressalva,2023,1,2023
19796586000170,2023-12-31,Sem Ressalva,2023,1,2023
20247322000147,2023-12-31,Sem Ressalva,2023,1,2023
20258278000170,2023-12-31,Sem Ressalva,2023,2,2023
20512706000140,2023-12-31,Sem Ressalva,2023,2,2023
20514555000169,2023-12-31,Sem Ressalva,2023,1,2023
20514590000188,2023-12-31,Sem Ressalva,2023,1,2023
21110778000123,2023-12-31,Sem Ressalva,2023,1,2023
21240146000184,2023-12-31,Sem Ressalva,2023,1,2023
21254073000180,2023-12-31,Sem Ressalva,2023,1,2023
21255567000189,2023-12-31,Negativa de Opinião,2023,1,2023
21314559000166,2023-12-31,Sem Ressalva,2023,1,2023
21389501000181,2023-12-31,Sem Ressalva,2023,1,2023
21414457000112,2023-12-31,Sem Ressalva,2023,1,2023
21728083000100,2023-12-31,Sem Ressalva,2023,1,2023
21948105000147,2023-12-31,Sem Ressalva,2023,1,2023
21976510000179,2023-12-31,Sem Ressalva,2023,1,2023
22163297000149,2023-12-31,Sem Ressalva,2023,1,2023
22261473000185,2023-12-31,Sem Ressalva,2023,1,2023
22266175000188,2023-12-31,Sem Ressalva,2023,1,2023
22543331000100,2023-12-31,Sem Ressalva,2023,1,2023
22677520000176,2023-12-31,Negativa de Opinião,2023,1,2023
23041875000137,2023-12-31,Sem Ressalva,2023,1,2023
23096269000119,2023-12-31,Sem Ressalva,2023,1,2023
23236821000127,2023-12-31,Sem Ressalva,2023,1,2023
23373000000132,2023-12-31,Sem Ressalva,2023,1,2023
23438929000100,2023-12-31,Sem Ressalva,2023,1,2023
24230275000180,2023-12-31,Sem Ressalva,2023,2,2023
24396489000120,2023-12-31,Sem Ressalva,2023,1,2023
24624490000165,2023-12-31,Sem Ressalva,2023,1,2023
24624551000194,2023-12-31,Sem Ressalva,2023,1,2023
24921465000143,2023-12-31,Sem Ressalva,2023,1,2023
24962466000136,2023-12-31,Sem Ressalva,2023,1,2023
24990777000109,2023-12-31,Sem Ressalva,2023,1,2023
25089509000183,2023-12-31,Sem Ressalva,2023,1,2023
25249439000183,2023-12-31,Adverso,2023,2,2023
25369840000157,2023-12-31,Sem Ressalva,2023,1,2023
26072786000146,2023-12-31,Sem Ressalva,2023,1,2023
26345998000150,2023-12-31,Sem Ressalva,2023,1,2023
26462693000128,2023-12-31,Sem Ressalva,2023,1,2023
26609050000164,2023-12-31,Sem Ressalva,2023,1,2023
26659061000159,2023-12-31,Sem Ressalva,2023,2,2023
26664057000189,2023-12-31,Sem Ressalva,2023,2,2023
26845702000160,2023-12-31,Sem Ressalva,2023,1,2023
26982634000180,2023-12-31,Sem Ressalva,2023,1,2023
27093558000115,2023-12-31,Sem Ressalva,2023,1,2023
27137879000174,2023-12-31,Sem Ressalva,2023,1,2023
27157474000106,2023-12-31,Sem Ressalva,2023,1,2023
27743642000137,2023-12-31,Sem Ressalva,2023,2,2023
27956690000103,2023-12-31,Com Ressalva,2023,1,2023
27967244000102,2023-12-31,Sem Ressalva,2023,1,2023
28019100000189,2023-12-31,Sem Ressalva,2023,2,2023
28127603000178,2023-12-31,Sem Ressalva,2023,1,2023
28152650000171,2023-12-31,Sem Ressalva,2023,1,2023
28195667000106,2023-12-31,Sem Ressalva,2023,3,2023
28201130000101,2023-12-31,Sem Ressalva,2023,1,2023
28594234000123,2023-12-31,Sem Ressalva,2023,2,2023
28925264000175,2023-12-31,Sem Ressalva,2023,1,2023
28942127000149,2023-12-31,Sem Ressalva,2023,1,2023
29780061000109,2023-12-31,Sem Ressalva,2023,1,2023
29884545000190,2023-12-31,Sem Ressalva,2023,1,2023
29950060000157,2023-12-31,Sem Ressalva,2023,1,2023
29980141000108,2023-12-31,Sem Ressalva,2023,1,2023
30213493000109,2023-12-31,Sem Ressalva,2023,1,2023
30306294000145,2023-12-31,Sem Ressalva,2023,3,2023
30540991000166,2023-12-31,Sem Ressalva,2023,1,2023
30788149000148,2023-12-31,Sem Ressalva,2023,1,2023
31001230000107,2023-12-31,Sem Ressalva,2023,1,2023
31468139000198,2023-12-31,Sem Ressalva,2023,1,2023
31553627000101,2023-12-31,Sem Ressalva,2023,1,2023
31748174000160,2023-12-31,Sem Ressalva,2023,1,2023
32021201000161,2023-12-31,Sem Ressalva,2023,1,2023
32161500000100,2023-12-31,Sem Ressalva,2023,1,2023
32431519000110,2023-12-31,Sem Ressalva,2023,1,2023
32681371000172,2023-12-31,Sem Ressalva,2023,1,2023
32785497000197,2023-12-31,Sem Ressalva,2023,1,2023
33000167000101,2023-12-31,Sem Ressalva,2023,2,2023
33035536000100,2023-12-31,Sem Ressalva,2023,1,2023
33040601000187,2023-12-31,Sem Ressalva,2023,1,2023
33041260065290,2023-12-31,Sem Ressalva,2023,2,2023
33042730000104,2023-12-31,Sem Ressalva,2023,1,2023
33050071000158,2023-12-31,Sem Ressalva,2023,1,2023
33050196000188,2023-12-31,Sem Ressalva,2023,1,2023
33102476000192,2023-12-31,Com Ressalva,2023,1,2023
33113309000147,2023-12-31,Sem Ressalva,2023,1,2023
33130691000105,2023-12-31,Sem Ressalva,2023,1,2023
33200049000147,2023-12-31,Sem Ressalva,2023,1,2023
33228024000151,2023-12-31,Sem Ressalva,2023,1,2023
33256439000139,2023-12-31,Sem Ressalva,2023,1,2023
33352394000104,2023-12-31,Com Ressalva,2023,1,2023
33376989000191,2023-12-31,Sem Ressalva,2023,1,2023
33386210000119,2023-12-31,Sem Ressalva,2023,1,2023
33412081000196,2023-12-31,Com Ressalva,2023,1,2023
33453598000123,2023-03-31,Sem Ressalva,2023,1,2023
33467572000134,2023-12-31,Sem Ressalva,2023,1,2023
33541368000116,2023-12-31,Sem Ressalva,2023,2,2023
33572408000197,2023-12-31,Sem Ressalva,2023,1,2023
33592510000154,2023-12-31,Sem Ressalva,2023,1,2023
33611500000119,2023-12-31,Sem Ressalva,2023,1,2023
33839910000111,2023-12-31,Sem Ressalva,2023,1,2023
33938119000169,2023-12-31,Sem Ressalva,2023,1,2023
33958695000178,2023-12-31,Sem Ressalva,2023,1,2023
34169557000172,2023-12-31,Sem Ressalva,2023,1,2023
34274233000102,2023-12-31,Sem Ressalva,2023,1,2023
35522178000187,2023-12-31,Sem Ressalva,2023,1,2023
35593905000105,2023-12-31,Sem Ressalva,2023,1,2023
35654688000108,2023-12-31,Sem Ressalva,2023,1,2023
35727157000106,2023-12-31,Sem Ressalva,2023,1,2023
35764708000101,2023-12-31,Sem Ressalva,2023,1,2023
35791391000194,2023-12-31,Sem Ressalva,2023,2,2023
35822503000127,2023-12-31,Sem Ressalva,2023,1,2023
35980592000130,2023-12-31,Sem Ressalva,2023,1,2023
36146575000164,2023-12-31,Sem Ressalva,2023,1,2023
36542025000164,2023-12-31,Sem Ressalva,2023,1,2023
36763716000198,2023-12-31,Sem Ressalva,2023,1,2023
37663076000107,2023-12-31,Sem Ressalva,2023,1,2023
37702340000174,2023-12-31,Sem Ressalva,2023,1,2023
38042694000100,2023-12-31,Sem Ressalva,2023,1,2023
38199406000118,2023-12-31,Sem Ressalva,2023,2,2023
38307135000177,2023-12-31,Sem Ressalva,2023,1,2023
38456921000136,2023-12-31,Sem Ressalva,2023,1,2023
38482780000126,2023-12-31,Sem Ressalva,2023,1,2023
39115514000128,2023-12-31,Sem Ressalva,2023,1,2023
39346861035038,2023-12-31,Sem Ressalva,2023,1,2023
39580673000101,2023-12-31,Sem Ressalva,2023,1,2023
39881421000104,2023-12-31,Sem Ressalva,2023,1,2023
40159947000164,2023-12-31,Sem Ressalva,2023,3,2023
40180943000168,2023-12-31,Sem Ressalva,2023,1,2023
40263170000183,2023-12-31,Sem Ressalva,2023,1,2023
40337136000106,2023-12-31,Sem Ressalva,2023,1,2023
40480481000102,2023-12-31,Sem Ressalva,2023,3,2023
40593395000106,2023-12-31,Sem Ressalva,2023,3,2023
40997635000120,2023-12-31,Sem Ressalva,2023,1,2023
41052420000107,2023-12-31,Sem Ressalva,2023,2,2023
41096674000119,2023-12-31,Sem Ressalva,2023,1,2023
41335131000107,2023-12-31,Sem Ressalva,2023,1,2023
41508382000146,2023-12-31,Sem Ressalva,2023,1,2023
41570356000148,2023-12-31,Sem Ressalva,2023,1,2023
41886692000102,2023-12-31,Sem Ressalva,2023,1,2023
42150391000170,2023-12-31,Sem Ressalva,2023,3,2023
42233757000175,2023-12-31,Sem Ressalva,2023,1,2023
42278291000124,2023-12-31,Sem Ressalva,2023,1,2023
42278473000103,2023-12-31,Sem Ressalva,2023,2,2023
42292007000174,2023-12-31,Sem Ressalva,2023,1,2023
42310775000103,2023-12-31,Sem Ressalva,2023,1,2023
42331462000131,2023-12-31,Sem Ressalva,2023,1,2023
42353180000135,2023-12-31,Sem Ressalva,2023,1,2023
42500384000151,2023-12-31,Sem Ressalva,2023,2,2023
42644220000106,2023-12-31,Sem Ressalva,2023,1,2023
42737954000121,2023-12-31,Sem Ressalva,2023,2,2023
42771949000135,2023-12-31,Sem Ressalva,2023,3,2023
43283811000150,2023-12-31,Sem Ressalva,2023,1,2023
43335774000186,2023-12-31,Sem Ressalva,2023,1,2023
43470988000165,2023-12-31,Sem Ressalva,2023,1,2023
43513237000189,2023-12-31,Sem Ressalva,2023,1,2023
43514079000181,2023-12-31,Sem Ressalva,2023,1,2023
43776517000180,2023-12-31,Sem Ressalva,2023,1,2023
43948405000169,2023-12-31,Sem Ressalva,2023,2,2023
44067725000172,2023-12-31,Sem Ressalva,2023,2,2023
44319688000142,2023-12-31,Sem Ressalva,2023,1,2023
44854238000150,2023-12-31,Sem Ressalva,2023,1,2023
45242914000105,2023-12-31,Sem Ressalva,2023,1,2023
45365558000109,2023-12-31,Sem Ressalva,2023,1,2023
45453214000151,2023-12-31,Sem Ressalva,2023,1,2023
45456117000112,2023-12-31,Sem Ressalva,2023,2,2023
45736131000170,2023-12-31,Sem Ressalva,2023,1,2023
45987245000192,2023-12-31,Sem Ressalva,2023,1,2023
46119855000137,2023-12-31,Sem Ressalva,2023,1,2023
46573272000181,2023-12-31,Sem Ressalva,2023,1,2023
47508411000156,2023-12-31,Sem Ressalva,2023,1,2023
47509120000182,2023-12-31,Sem Ressalva,2023,1,2023
47586663000101,2023-12-31,Sem Ressalva,2023,1,2023
47960950000121,2023-12-31,Sem Ressalva,2023,1,2023
48127008000140,2023-12-31,Sem Ressalva,2023,1,2023
48127012000108,2023-12-31,Sem Ressalva,2023,1,2023
48710127000120,2023-12-31,Sem Ressalva,2023,2,2023
48851242000115,2023-12-31,Sem Ressalva,2023,1,2023
49115815000105,2023-12-31,Sem Ressalva,2023,1,2023
49263189000102,2023-12-31,Sem Ressalva,2023,1,2023
49314049000108,2023-12-31,Sem Ressalva,2023,1,2023
49669856000143,2023-12-31,Sem Ressalva,2023,1,2023
50399553000137,2023-12-31,Sem Ressalva,2023,1,2023
50564053000103,2023-12-31,Sem Ressalva,2023,2,2023
50746577000115,2023-12-31,Sem Ressalva,2023,3,2023
50926955000142,2023-12-31,Sem Ressalva,2023,1,2023
51128999000190,2023-12-31,Sem Ressalva,2023,1,2023
51136974000138,2023-12-31,Sem Ressalva,2023,1,2023
51137031000120,2023-12-31,Sem Ressalva,2023,1,2023
51218147000193,2023-12-31,Sem Ressalva,2023,1,2023
51430503000138,2023-12-31,Sem Ressalva,2023,1,2023
51466860000156,2023-03-31,Sem Ressalva,2023,1,2023
51742485000120,2023-12-31,Sem Ressalva,2023,1,2023
51928174000150,2023-12-31,Sem Ressalva,2023,1,2023
52017473000103,2023-12-31,Sem Ressalva,2023,1,2023
52270350000171,2023-12-31,Sem Ressalva,2023,2,2023
52475549000136,2023-12-31,Sem Ressalva,2023,1,2023
52548435000179,2023-12-31,Sem Ressalva,2023,1,2023
52805925000103,2023-12-31,Sem Ressalva,2023,1,2023
52810883000107,2023-12-31,Sem Ressalva,2023,1,2023
52841191000118,2023-12-31,Sem Ressalva,2023,2,2023
53113791000122,2023-12-31,Sem Ressalva,2023,1,2023
53153938000108,2023-12-31,Sem Ressalva,2023,1,2023
56444250000175,2023-12-31,Sem Ressalva,2023,1,2023
56643018000166,2023-12-31,Sem Ressalva,2023,2,2023
56720428000163,2023-12-31,Sem Ressalva,2023,1,2023
56992423000190,2023-12-31,Sem Ressalva,2023,1,2023
58119199000151,2023-12-31,Sem Ressalva,2023,1,2023
58430828000160,2023-12-31,Sem Ressalva,2023,1,2023
59105999000186,2023-12-31,Sem Ressalva,2023,2,2023
59285411000113,2023-12-31,Sem Ressalva,2023,1,2023
59418806000147,2023-12-31,Sem Ressalva,2023,1,2023
59546515000134,2023-12-31,Sem Ressalva,2023,1,2023
59717553000102,2023-12-31,Sem Ressalva,2023,1,2023
59789545000171,2023-12-31,Sem Ressalva,2023,1,2023
59981829000165,2023-12-31,Sem Ressalva,2023,1,2023
60398369000479,2023-12-31,Sem Ressalva,2023,1,2023
60444437000146,2023-12-31,Negativa de Opinião,2023,1,2023
60476884000187,2023-12-31,Sem Ressalva,2023,1,2023
60537263000166,2023-12-31,Sem Ressalva,2023,1,2023
60543816000193,2023-12-31,Sem Ressalva,2023,1,2023
60651809000105,2023-12-31,Sem Ressalva,2023,1,2023
60665981000118,2023-12-31,Sem Ressalva,2023,1,2023
60730348000166,2023-12-31,Sem Ressalva,2023,1,2023
60746948000112,2023-12-31,Sem Ressalva,2023,1,2023
60770336000165,2023-12-31,Sem Ressalva,2023,1,2023
60840055000131,2023-12-31,Sem Ressalva,2023,1,2023
60851615000153,2023-12-31,Sem Ressalva,2023,1,2023
60872504000123,2023-12-31,Sem Ressalva,2023,1,2023
60884319000159,2023-12-31,Com Ressalva,2023,1,2023
60894730000105,2023-12-31,Sem Ressalva,2023,2,2023
60933603000178,2023-12-31,Sem Ressalva,2023,2,2023
61022042000118,2023-12-31,Sem Ressalva,2023,1,2023
61065298000102,2023-12-31,Sem Ressalva,2023,1,2023
61065751000180,2023-12-31,Sem Ressalva,2023,3,2023
61079117000105,2023-12-31,Sem Ressalva,2023,2,2023
61080313000191,2023-12-31,Negativa de Opinião,2023,1,2023
61082004000150,2023-12-31,Sem Ressalva,2023,3,2023
61088894000108,2023-12-31,Sem Ressalva,2023,1,2023
61092037000181,2023-12-31,Sem Ressalva,2023,1,2023
61156113000175,2023-12-31,Sem Ressalva,2023,1,2023
61156931000178,2023-12-31,Sem Ressalva,2023,1,2023
61186680000174,2023-12-31,Sem Ressalva,2023,1,2023
61189288000189,2023-12-31,Com Ressalva,2023,2,2023
61190096000192,2023-12-31,Sem Ressalva,2023,1,2023
61351532000168,2023-12-31,Sem Ressalva,2023,1,2023
61374161000130,2023-12-31,Sem Ressalva,2023,1,2023
61409892000173,2023-12-31,Sem Ressalva,2023,1,2023
61486650000183,2023-12-31,Sem Ressalva,2023,2,2023
61532644000115,2023-12-31,Sem Ressalva,2023,1,2023
61584140000149,2023-12-31,Sem Ressalva,2023,1,2023
61585865000151,2023-12-31,Sem Ressalva,2023,1,2023
61695227000193,2023-12-31,Sem Ressalva,2023,1,2023
61856571000117,2023-12-31,Sem Ressalva,2023,1,2023
62002886000160,2023-12-31,Sem Ressalva,2023,1,2023
62070362000106,2023-12-31,Sem Ressalva,2023,1,2023
62144175000120,2023-12-31,Sem Ressalva,2023,3,2023
62232889000190,2023-12-31,Sem Ressalva,2023,2,2023
62258884000136,2023-12-31,Com Ressalva,2023,2,2023
62307848000115,2023-12-31,Sem Ressalva,2023,2,2023
62984091000102,2023-12-31,Sem Ressalva,2023,2,2023
64904295000103,2023-02-28,Sem Ressalva,2023,1,2023
65654303000173,2023-12-31,Sem Ressalva,2023,1,2023
67010660000124,2023-12-31,Sem Ressalva,2023,1,2023
67571414000141,2023-12-31,Sem Ressalva,2023,1,2023
67620377000114,2023-12-31,Sem Ressalva,2023,1,2023
68400225000179,2023-06-30,Sem Ressalva,2023,1,2023
71208516000174,2023-12-31,Sem Ressalva,2023,2,2023
71476527000135,2023-03-31,Sem Ressalva,2023,1,2023
71476527000135,2023-12-31,Sem Ressalva,2023,1,2023
71673990000177,2023-12-31,Sem Ressalva,2023,1,2023
73178600000118,2023-12-31,Sem Ressalva,2023,1,2023
73903718000161,2023-12-31,Sem Ressalva,2023,1,2023
75315333000109,2023-12-31,Sem Ressalva,2023,1,2023
75609123000123,2023-12-31,Sem Ressalva,2023,2,2023
76483817000120,2023-12-31,Sem Ressalva,2023,1,2023
76484013000145,2023-12-31,Sem Ressalva,2023,1,2023
76535764000143,2023-12-31,Negativa de Opinião,2023,1,2023
76627504000106,2023-12-31,Com Ressalva,2023,2,2023
79430682000122,2023-12-31,Sem Ressalva,2023,1,2023
80680093000181,2023-12-31,Sem Ressalva,2023,1,2023
81106957000119,2023-12-31,Sem Ressalva,2023,1,2023
81243735000148,2023-12-31,Sem Ressalva,2023,2,2023
81616807000155,2023-12-31,Sem Ressalva,2023,1,2023
82120676000183,2023-12-31,Sem Ressalva,2023,1,2023
82508433000117,2023-12-31,Sem Ressalva,2023,1,2023
82636986000155,2023-12-31,Negativa de Opinião,2023,1,2023
82640558000104,2023-12-31,Sem Ressalva,2023,1,2023
82643537000134,2023-12-31,Sem Ressalva,2023,1,2023
82901000000127,2023-12-31,Sem Ressalva,2023,1,2023
82981929000103,2023-12-31,Adverso,2023,1,2023
82982075000180,2023-12-31,Sem Ressalva,2023,1,2023
83475913000191,2023-12-31,Sem Ressalva,2023,1,2023
83878892000155,2023-12-31,Sem Ressalva,2023,1,2023
84429695000111,2023-12-31,Sem Ressalva,2023,1,2023
84683374000149,2023-12-31,Sem Ressalva,2023,1,2023
84683408000103,2023-12-31,Sem Ressalva,2023,1,2023
84683671000194,2023-12-31,Sem Ressalva,2023,1,2023
84684455000163,2023-12-31,Sem Ressalva,2023,1,2023
84693183000168,2023-12-31,Sem Ressalva,2023,1,2023
85041333000111,2023-12-31,Com Ressalva,2023,1,2023
85778074000106,2023-12-31,Sem Ressalva,2023,1,2023
86375425000109,2023-12-31,Sem Ressalva,2023,1,2023
86550951000150,2023-12-31,Sem Ressalva,2023,1,2023
87043832000173,2023-12-31,Sem Ressalva,2023,1,2023
87456562000122,2023-12-31,Sem Ressalva,2023,1,2023
87762563000103,2023-12-31,Sem Ressalva,2023,1,2023
87870952000144,2023-12-31,Sem Ressalva,2023,1,2023
88610126000129,2023-12-31,Sem Ressalva,2023,1,2023
88610191000154,2023-12-31,Sem Ressalva,2023,1,2023
88611835000129,2023-12-31,Sem Ressalva,2023,1,2023
88613658000110,2023-06-30,Sem Ressalva,2023,1,2023
89086144000116,2023-12-31,Sem Ressalva,2023,1,2023
89096457000155,2023-12-31,Sem Ressalva,2023,2,2023
89463822000112,2023-12-31,Sem Ressalva,2023,1,2023
89637490000145,2023-12-31,Sem Ressalva,2023,1,2023
89723993000133,2023-12-31,Sem Ressalva,2023,1,2023
89850341000160,2023-12-31,Sem Ressalva,2023,1,2023
90076886000140,2023-12-31,Sem Ressalva,2023,1,2023
90400888000142,2023-12-31,Sem Ressalva,2023,2,2023
90441460000148,2023-12-31,Sem Ressalva,2023,2,2023
91333666000117,2023-12-31,Sem Ressalva,2023,1,2023
91669747000192,2023-12-31,Sem Ressalva,2023,1,2023
91983056000169,2023-12-31,Sem Ressalva,2023,1,2023
92012467000170,2023-12-31,Sem Ressalva,2023,3,2023
92660570000126,2023-12-31,Sem Ressalva,2023,1,2023
92665611000177,2023-12-31,Sem Ressalva,2023,1,2023
92690783000109,2023-12-31,Sem Ressalva,2023,1,2023
92693019000189,2023-12-31,Sem Ressalva,2023,1,2023
92702067000196,2023-12-31,Sem Ressalva,2023,1,2023
92715812000131,2023-12-31,Sem Ressalva,2023,1,2023
92721232000157,2023-12-31,Sem Ressalva,2023,1,2023
92749225000163,2023-12-31,Sem Ressalva,2023,1,2023
92754738000162,2023-12-31,Sem Ressalva,2023,1,2023
92781335000102,2023-12-31,Sem Ressalva,2023,1,2023
92791243000103,2023-12-31,Sem Ressalva,2023,1,2023
92802784000190,2023-12-31,Sem Ressalva,2023,1,2023
93828986000173,2023-12-31,Sem Ressalva,2023,1,2023
94813102000170,2023-12-31,Sem Ressalva,2023,1,2023
95426862000197,2023-12-31,Sem Ressalva,2023,1,2023
96298013000168,2023-12-31,Sem Ressalva,2023,1,2023
96418264021802,2023-12-31,Sem Ressalva,2023,1,2023
97191902000194,2023-12-31,Sem Ressalva,2023,2,2023
97837181000147,2023-12-31,Sem Ressalva,2023,1,2023
00000000000191,2024-12-31,Sem Ressalva,2024,1,2024
00000208000100,2024-12-31,Sem Ressalva,2024,3,2024
00001180000126,2024-12-31,Sem Ressalva,2024,2,2024
00070698000111,2024-12-31,Sem Ressalva,2024,1,2024
00080671000100,2024-12-31,Sem Ressalva,2024,1,2024
00194724000113,2024-12-31,Sem Ressalva,2024,1,2024
00242184000104,2024-12-31,Sem Ressalva,2024,1,2024
00336701000104,2024-12-31,Sem Ressalva,2024,1,2024
00357038000116,2024-12-31,Sem Ressalva,2024,2,2024
00359742000108,2024-12-31,Sem Ressalva,2024,4,2024
00383281000109,2024-12-31,Sem Ressalva,2024,1,2024
00389481000179,2024-12-31,Sem Ressalva,2024,1,2024
00644907000193,2024-12-31,Sem Ressalva,2024,1,2024
00743065000127,2024-12-31,Sem Ressalva,2024,1,2024
00776574000156,2024-12-31,Sem Ressalva,2024,1,2024
00864214000106,2024-12-31,Sem Ressalva,2024,1,2024
00873894000124,2024-12-31,Sem Ressalva,2024,1,2024
00897864000158,2024-12-31,Com Ressalva,2024,1,2024
00924429000175,2024-12-31,Sem Ressalva,2024,1,2024
00938574000105,2024-12-31,Sem Ressalva,2024,1,2024
00974211000125,2024-12-31,Sem Ressalva,2024,1,2024
00979969000156,2024-12-31,Sem Ressalva,2024,1,2024
01027058000191,2024-12-31,Sem Ressalva,2024,1,2024
01083200000118,2024-12-31,Sem Ressalva,2024,2,2024
01104937000170,2024-12-31,Com Ressalva,2024,1,2024
01107327000120,2024-12-31,Negativa de Opinião,2024,1,2024
01258944000126,2024-12-31,Sem Ressalva,2024,1,2024
01319044000141,2024-12-31,Sem Ressalva,2024,1,2024
01417222000177,2024-12-31,Sem Ressalva,2024,1,2024
01543032000104,2024-12-31,Sem Ressalva,2024,1,2024
01545826000107,2024-12-31,Sem Ressalva,2024,1,2024
01548981000179,2024-12-31,Sem Ressalva,2024,1,2024
01599101000193,2024-12-31,Adverso,2024,1,2024
01616929000102,2024-12-31,Sem Ressalva,2024,1,2024
01637895000132,2024-12-31,Sem Ressalva,2024,1,2024
01838723000127,2024-12-31,Sem Ressalva,2024,1,2024
01851771000155,2024-12-31,Sem Ressalva,2024,1,2024
01896779000138,2024-12-31,Sem Ressalva,2024,2,2024
01917818000136,2024-12-31,Sem Ressalva,2024,1,2024
01938783000111,2024-12-31,Sem Ressalva,2024,2,2024
01957772000189,2024-12-31,Sem Ressalva,2024,1,2024
01968293000168,2024-12-31,Sem Ressalva,2024,1,2024
01989044000159,2024-12-31,Sem Ressalva,2024,1,2024
02016440000162,2024-12-31,Sem Ressalva,2024,1,2024
02016507000169,2024-12-31,Sem Ressalva,2024,1,2024
02041460000193,2024-12-31,Sem Ressalva,2024,1,2024
02062747000108,2024-12-31,Sem Ressalva,2024,2,2024
02149205000169,2024-12-31,Sem Ressalva,2024,1,2024
02193750000152,2024-12-31,Sem Ressalva,2024,2,2024
02201787000185,2024-12-31,Sem Ressalva,2024,1,2024
02217319000107,2024-12-31,Sem Ressalva,2024,1,2024
02255187000108,2024-12-31,Sem Ressalva,2024,1,2024
02258422000197,2024-12-31,Sem Ressalva,2024,2,2024
02281836000137,2024-12-31,Sem Ressalva,2024,1,2024
02286479000108,2024-12-31,Sem Ressalva,2024,1,2024
02291077000193,2024-12-31,Sem Ressalva,2024,1,2024
02302100000106,2024-12-31,Sem Ressalva,2024,1,2024
02302101000142,2024-12-31,Com Ressalva,2024,3,2024
02328280000197,2024-12-31,Sem Ressalva,2024,1,2024
02338534000158,2024-12-31,Sem Ressalva,2024,1,2024
02351144000118,2024-12-31,Sem Ressalva,2024,1,2024
02351877000152,2024-12-31,Sem Ressalva,2024,1,2024
02357251000153,2024-12-31,Sem Ressalva,2024,1,2024
02365069000144,2024-12-31,Sem Ressalva,2024,1,2024
02382073000110,2024-12-31,Sem Ressalva,2024,1,2024
02387241000160,2024-12-31,Sem Ressalva,2024,1,2024
02397080000196,2024-12-31,Sem Ressalva,2024,1,2024
02421421000111,2024-12-31,Sem Ressalva,2024,1,2024
02429144000193,2024-12-31,Sem Ressalva,2024,1,2024
02451848000162,2024-12-31,Sem Ressalva,2024,1,2024
02474103000119,2024-12-31,Sem Ressalva,2024,1,2024
02502844000166,2024-12-31,Sem Ressalva,2024,1,2024
02509491000126,2024-12-31,Sem Ressalva,2024,1,2024
02536066000126,2024-12-31,Sem Ressalva,2024,2,2024
02558157000162,2024-12-31,Sem Ressalva,2024,1,2024
02560878000107,2024-12-31,Sem Ressalva,2024,1,2024
02591787000139,2024-12-31,Sem Ressalva,2024,1,2024
02600854000134,2024-12-31,Sem Ressalva,2024,1,2024
02635522000195,2024-03-31,Sem Ressalva,2024,1,2024
02664042000152,2024-12-31,Sem Ressalva,2024,1,2024
02724983000134,2024-12-31,Sem Ressalva,2024,1,2024
02762121000104,2024-12-31,Sem Ressalva,2024,1,2024
02762124000130,2024-12-31,Sem Ressalva,2024,1,2024
02796775000140,2024-12-31,Sem Ressalva,2024,1,2024
02800026000140,2024-12-31,Sem Ressalva,2024,1,2024
02846056000197,2024-12-31,Sem Ressalva,2024,1,2024
02860694000162,2024-12-31,Sem Ressalva,2024,1,2024
02916265000160,2024-12-31,Sem Ressalva,2024,1,2024
02919555000167,2024-12-31,Sem Ressalva,2024,1,2024
02932074000191,2024-12-31,Sem Ressalva,2024,1,2024
02950811000189,2024-12-31,Sem Ressalva,2024,1,2024
02992449000109,2024-12-31,Sem Ressalva,2024,1,2024
02998301000181,2024-12-31,Sem Ressalva,2024,1,2024
02998611000104,2024-12-31,Sem Ressalva,2024,1,2024
03014553000191,2024-12-31,Sem Ressalva,2024,3,2024
03025305000146,2024-12-31,Sem Ressalva,2024,1,2024
03207703000183,2024-12-31,Sem Ressalva,2024,1,2024
03220438000173,2024-12-31,Sem Ressalva,2024,3,2024
03279285000130,2024-12-31,Sem Ressalva,2024,2,2024
03303999000136,2024-12-31,Sem Ressalva,2024,1,2024
03342704000130,2024-12-31,Sem Ressalva,2024,2,2024
03378521000175,2024-12-31,Sem Ressalva,2024,1,2024
03467321000199,2024-12-31,Sem Ressalva,2024,1,2024
03494776000101,2024-12-31,Negativa de Opinião,2024,1,2024
03538833000107,2024-12-31,Sem Ressalva,2024,1,2024
03758318000124,2024-12-31,Sem Ressalva,2024,2,2024
03767538000114,2024-12-31,Sem Ressalva,2024,1,2024
03795050000109,2024-12-31,Sem Ressalva,2024,1,2024
03802115000198,2024-12-31,Sem Ressalva,2024,1,2024
03820456000196,2024-12-31,Sem Ressalva,2024,1,2024
03847461000192,2024-12-31,Sem Ressalva,2024,1,2024
03853896000140,2024-12-31,Sem Ressalva,2024,1,2024
03953509000147,2024-12-31,Sem Ressalva,2024,1,2024
03983431000103,2024-12-31,Sem Ressalva,2024,1,2024
04030182000102,2024-12-31,Sem Ressalva,2024,1,2024
04031213000131,2024-12-31,Sem Ressalva,2024,1,2024
04032433000180,2024-12-31,Com Ressalva,2024,1,2024
04038763000182,2024-12-31,Sem Ressalva,2024,1,2024
04065053000141,2024-12-31,Sem Ressalva,2024,1,2024
04069709000102,2024-12-31,Sem Ressalva,2024,1,2024
04089570000150,2024-12-31,Sem Ressalva,2024,1,2024
04149454000180,2024-12-31,Sem Ressalva,2024,1,2024
04172213000151,2024-12-31,Sem Ressalva,2024,1,2024
04212396000191,2024-12-31,Sem Ressalva,2024,1,2024
04368865000166,2024-12-31,Sem Ressalva,2024,1,2024
04368898000106,2024-12-31,Sem Ressalva,2024,1,2024
04370282000170,2024-12-31,Sem Ressalva,2024,1,2024
04423567000121,2024-12-31,Sem Ressalva,2024,1,2024
04601397000128,2024-12-31,Sem Ressalva,2024,1,2024
04626426000106,2024-12-31,Sem Ressalva,2024,1,2024
04739720000124,2024-12-31,Sem Ressalva,2024,1,2024
04752991000110,2024-12-31,Sem Ressalva,2024,2,2024
04821041000108,2024-12-31,Sem Ressalva,2024,1,2024
04895728000180,2024-12-31,Sem Ressalva,2024,1,2024
04902979000144,2024-12-31,Sem Ressalva,2024,1,2024
04912242000102,2024-12-31,Com Ressalva,2024,1,2024
04913711000108,2024-12-31,Sem Ressalva,2024,1,2024
04972092000122,2024-12-31,Sem Ressalva,2024,1,2024
04986320000113,2024-12-31,Sem Ressalva,2024,2,2024
04992714000184,2024-12-31,Sem Ressalva,2024,2,2024
05197443000138,2024-12-31,Sem Ressalva,2024,1,2024
05303439000107,2024-12-31,Sem Ressalva,2024,2,2024
05336882000184,2024-12-31,Sem Ressalva,2024,1,2024
05878397000132,2024-12-31,Sem Ressalva,2024,1,2024
05917486000140,2024-12-31,Sem Ressalva,2024,2,2024
06016348000153,2024-12-31,Sem Ressalva,2024,1,2024
06047087000139,2024-12-31,Sem Ressalva,2024,1,2024
06057223000171,2024-12-31,Sem Ressalva,2024,2,2024
06164253000187,2024-12-31,Sem Ressalva,2024,2,2024
06272793000184,2024-12-31,Sem Ressalva,2024,1,2024
06347409000165,2024-12-31,Sem Ressalva,2024,1,2024
06626253000151,2024-12-31,Sem Ressalva,2024,2,2024
06977745000191,2024-12-31,Sem Ressalva,2024,1,2024
06981176000158,2024-12-31,Sem Ressalva,2024,2,2024
06981180000116,2024-12-31,Sem Ressalva,2024,1,2024
06981381000113,2024-03-31,Sem Ressalva,2024,3,2024
07040108000157,2024-12-31,Sem Ressalva,2024,1,2024
07043628000113,2024-12-31,Sem Ressalva,2024,1,2024
07047251000170,2024-12-31,Sem Ressalva,2024,1,2024
07119838000148,2024-12-31,Sem Ressalva,2024,1,2024
07206816000115,2024-12-31,Sem Ressalva,2024,1,2024
07237373000120,2024-12-31,Sem Ressalva,2024,1,2024
07253321000147,2024-12-31,Sem Ressalva,2024,1,2024
07275159000168,2024-12-31,Sem Ressalva,2024,1,2024
07282377000120,2024-12-31,Sem Ressalva,2024,1,2024
07334600000135,2024-12-31,Sem Ressalva,2024,2,2024
07401436000131,2024-12-31,Sem Ressalva,2024,1,2024
07415333000120,2024-12-31,Sem Ressalva,2024,2,2024
07526557000100,2024-12-31,Sem Ressalva,2024,1,2024
07594978000178,2024-12-31,Sem Ressalva,2024,1,2024
07628528000159,2024-06-30,Sem Ressalva,2024,2,2024
07636657000199,2024-12-31,Sem Ressalva,2024,1,2024
07659538000151,2024-12-31,Sem Ressalva,2024,1,2024
07682638000107,2024-12-31,Sem Ressalva,2024,1,2024
07689002000189,2024-12-31,Sem Ressalva,2024,1,2024
07714104000107,2024-12-31,Sem Ressalva,2024,1,2024
07718269000157,2024-12-31,Negativa de Opinião,2024,1,2024
07802794000156,2024-12-31,Sem Ressalva,2024,1,2024
07816890000153,2024-12-31,Sem Ressalva,2024,1,2024
07820907000146,2024-12-31,Sem Ressalva,2024,1,2024
07823262000103,2024-12-31,Sem Ressalva,2024,1,2024
07857093000114,2024-12-31,Sem Ressalva,2024,1,2024
07857850000150,2024-12-31,Sem Ressalva,2024,1,2024
07859971000130,2024-12-31,Sem Ressalva,2024,1,2024
07882930000165,2024-12-31,Sem Ressalva,2024,1,2024
08065557000112,2024-12-31,Sem Ressalva,2024,1,2024
08070508000178,2024-03-31,Sem Ressalva,2024,1,2024
08078847000109,2024-12-31,Sem Ressalva,2024,1,2024
08100057000174,2024-12-31,Sem Ressalva,2024,1,2024
08159965000133,2024-12-31,Sem Ressalva,2024,1,2024
08170849000115,2024-12-31,Sem Ressalva,2024,2,2024
08213823000107,2024-12-31,Sem Ressalva,2024,1,2024
08262121000113,2024-12-31,Sem Ressalva,2024,1,2024
08294224000165,2024-12-31,Sem Ressalva,2024,1,2024
08312229000173,2024-12-31,Sem Ressalva,2024,1,2024
08322396000103,2024-03-31,Sem Ressalva,2024,1,2024
08324196000181,2024-12-31,Sem Ressalva,2024,1,2024
08343492000120,2024-12-31,Sem Ressalva,2024,1,2024
08364948000138,2024-12-31,Sem Ressalva,2024,1,2024
08397078000101,2024-12-31,Sem Ressalva,2024,1,2024
08402943000152,2024-12-31,Sem Ressalva,2024,1,2024
08424178000171,2024-12-31,Sem Ressalva,2024,2,2024
08439659000150,2024-12-31,Sem Ressalva,2024,1,2024
08467115000100,2024-12-31,Sem Ressalva,2024,1,2024
08534605000174,2024-12-31,Sem Ressalva,2024,1,2024
08560444000193,2024-12-31,Sem Ressalva,2024,2,2024
08574411000100,2024-12-31,Sem Ressalva,2024,1,2024
08613550000198,2024-12-31,Com Ressalva,2024,3,2024
08764621000153,2024-12-31,Sem Ressalva,2024,1,2024
08769451000108,2024-12-31,Sem Ressalva,2024,1,2024
08773135000100,2024-12-31,Negativa de Opinião,2024,2,2024
08795211000170,2024-12-31,Sem Ressalva,2024,1,2024
08797760000183,2024-12-31,Sem Ressalva,2024,1,2024
08801621000186,2024-12-31,Sem Ressalva,2024,1,2024
08807432000110,2024-12-31,Sem Ressalva,2024,2,2024
08811643000127,2024-12-31,Sem Ressalva,2024,1,2024
08822767000108,2024-12-31,Sem Ressalva,2024,1,2024
08827501000158,2024-12-31,Sem Ressalva,2024,3,2024
08845676000198,2024-12-31,Sem Ressalva,2024,2,2024
08873873000110,2024-12-31,Sem Ressalva,2024,1,2024
08902291000115,2024-12-31,Sem Ressalva,2024,2,2024
08926302000105,2024-12-31,Sem Ressalva,2024,1,2024
08935054000150,2024-12-31,Sem Ressalva,2024,1,2024
09041168000110,2024-12-31,Sem Ressalva,2024,1,2024
09042817000105,2024-12-31,Sem Ressalva,2024,1,2024
09053134000145,2024-12-31,Sem Ressalva,2024,3,2024
09054385000144,2024-12-31,Com Ressalva,2024,1,2024
09074183000164,2024-12-31,Sem Ressalva,2024,1,2024
09095183000140,2024-12-31,Sem Ressalva,2024,1,2024
09112685000132,2024-12-31,Negativa de Opinião,2024,1,2024
09114805000130,2024-12-31,Sem Ressalva,2024,1,2024
09116278000101,2024-12-31,Com Ressalva,2024,1,2024
09146451000106,2024-12-31,Sem Ressalva,2024,1,2024
09149503000106,2024-12-31,Sem Ressalva,2024,1,2024
09229201000130,2024-12-31,Sem Ressalva,2024,1,2024
09257877000137,2024-12-31,Sem Ressalva,2024,1,2024
09267996000170,2024-12-31,Sem Ressalva,2024,1,2024
09288252000132,2024-12-31,Sem Ressalva,2024,1,2024
09295063000197,2024-12-31,Sem Ressalva,2024,1,2024
09304427000158,2024-12-31,Sem Ressalva,2024,1,2024
09305994000129,2024-12-31,Sem Ressalva,2024,1,2024
09313969000197,2024-12-31,Sem Ressalva,2024,1,2024
09324949000111,2024-12-31,Sem Ressalva,2024,1,2024
09325109000173,2024-12-31,Sem Ressalva,2024,1,2024
09326342000170,2024-12-31,Sem Ressalva,2024,1,2024
09336431000106,2024-12-31,Sem Ressalva,2024,1,2024
09346601000125,2024-12-31,Sem Ressalva,2024,1,2024
09347516000181,2024-12-31,Sem Ressalva,2024,1,2024
09359927000197,2024-12-31,Sem Ressalva,2024,1,2024
09391823000160,2024-12-31,Sem Ressalva,2024,1,2024
09414761000164,2024-12-31,Sem Ressalva,2024,1,2024
09478309000166,2024-12-31,Negativa de Opinião,2024,1,2024
09527023000123,2024-12-31,Sem Ressalva,2024,1,2024
09538973000153,2024-12-31,Sem Ressalva,2024,1,2024
09584854000137,2024-12-31,Sem Ressalva,2024,1,2024
09611768000176,2024-12-31,Sem Ressalva,2024,2,2024
09625321000156,2024-12-31,Sem Ressalva,2024,1,2024
09813204000116,2024-12-31,Sem Ressalva,2024,2,2024
10139870000108,2024-12-31,Sem Ressalva,2024,3,2024
10158356000101,2024-12-31,Sem Ressalva,2024,1,2024
10215988000160,2024-12-31,Sem Ressalva,2024,1,2024
10234027000100,2024-12-31,Sem Ressalva,2024,1,2024
10240186000100,2024-12-31,Sem Ressalva,2024,1,2024
10319900000150,2024-12-31,Sem Ressalva,2024,1,2024
10324624000118,2024-12-31,Sem Ressalva,2024,1,2024
10338320000100,2024-12-31,Sem Ressalva,2024,1,2024
10488244000119,2024-12-31,Sem Ressalva,2024,1,2024
10502676000137,2024-12-31,Sem Ressalva,2024,1,2024
10531501000158,2024-12-31,Sem Ressalva,2024,1,2024
10571175000102,2024-12-31,Sem Ressalva,2024,1,2024
10629105000168,2024-12-31,Sem Ressalva,2024,1,2024
10635691000153,2024-12-31,Sem Ressalva,2024,1,2024
10647979000148,2024-12-31,Sem Ressalva,2024,1,2024
10670314000155,2024-12-31,Sem Ressalva,2024,1,2024
10678505000163,2024-12-31,Sem Ressalva,2024,2,2024
10739356000103,2024-12-31,Sem Ressalva,2024,2,2024
10760260000119,2024-12-31,Sem Ressalva,2024,1,2024
10807374000177,2024-12-31,Sem Ressalva,2024,1,2024
10835932000108,2024-12-31,Sem Ressalva,2024,1,2024
10841050000155,2024-12-31,Sem Ressalva,2024,1,2024
11284204000118,2024-12-31,Sem Ressalva,2024,2,2024
11421994000136,2024-12-31,Sem Ressalva,2024,2,2024
11992680000193,2024-12-31,Sem Ressalva,2024,1,2024
12049631000184,2024-12-31,Sem Ressalva,2024,1,2024
12091809000155,2024-12-31,Com Ressalva,2024,1,2024
12104241000402,2024-12-31,Sem Ressalva,2024,1,2024
12108897000150,2024-12-31,Sem Ressalva,2024,1,2024
12181987000177,2024-12-31,Sem Ressalva,2024,2,2024
12300288000107,2024-12-31,Sem Ressalva,2024,3,2024
12420164000157,2024-12-31,Sem Ressalva,2024,1,2024
12489315000123,2024-12-31,Sem Ressalva,2024,1,2024
12528708000107,2024-12-31,Sem Ressalva,2024,3,2024
12592831000189,2024-12-31,Sem Ressalva,2024,2,2024
12648266000124,2024-12-31,Sem Ressalva,2024,2,2024
12648327000153,2024-12-31,Sem Ressalva,2024,1,2024
12919786000124,2024-12-31,Sem Ressalva,2024,1,2024
13009717000146,2024-12-31,Sem Ressalva,2024,2,2024
13017462000163,2024-12-31,Sem Ressalva,2024,1,2024
13217485000111,2024-12-31,Sem Ressalva,2024,2,2024
13270520000166,2024-12-31,Sem Ressalva,2024,1,2024
13444994000187,2024-12-31,Sem Ressalva,2024,1,2024
13574594000196,2024-12-31,Sem Ressalva,2024,1,2024
13584310000142,2024-12-31,Negativa de Opinião,2024,1,2024
13783221000478,2024-12-31,Sem Ressalva,2024,1,2024
14110585000107,2024-12-31,Sem Ressalva,2024,1,2024
14127813000151,2024-12-31,Com Ressalva,2024,1,2024
14191427000129,2024-12-31,Sem Ressalva,2024,1,2024
14292540000109,2024-12-31,Sem Ressalva,2024,1,2024
14388334000199,2024-12-31,Sem Ressalva,2024,1,2024
14776142000150,2024-12-31,Sem Ressalva,2024,1,2024
14785152000151,2024-12-31,Sem Ressalva,2024,1,2024
14796754000104,2024-12-31,Sem Ressalva,2024,1,2024
14807945000124,2024-12-31,Sem Ressalva,2024,1,2024
14876090000193,2024-12-31,Sem Ressalva,2024,1,2024
14882295000181,2024-12-31,Sem Ressalva,2024,1,2024
14998371000119,2024-12-31,Sem Ressalva,2024,1,2024
15073274000188,2024-12-31,Sem Ressalva,2024,1,2024
15090690000194,2024-12-31,Sem Ressalva,2024,1,2024
15114494000102,2024-12-31,Sem Ressalva,2024,1,2024
15115504000124,2024-12-31,Sem Ressalva,2024,1,2024
15139629000194,2024-12-31,Sem Ressalva,2024,2,2024
15141799000103,2024-12-31,Sem Ressalva,2024,1,2024
15385166000140,2024-12-31,Sem Ressalva,2024,2,2024
15413826000150,2024-12-31,Sem Ressalva,2024,1,2024
15440708000130,2024-12-31,Sem Ressalva,2024,1,2024
15484093000144,2024-12-31,Sem Ressalva,2024,1,2024
15494541000190,2024-12-31,Sem Ressalva,2024,1,2024
15578569000106,2024-12-31,Sem Ressalva,2024,1,2024
16233389000155,2024-12-31,Sem Ressalva,2024,1,2024
16234171000115,2024-12-31,Sem Ressalva,2024,1,2024
16404287000155,2024-12-31,Sem Ressalva,2024,1,2024
16590234000176,2024-12-31,Sem Ressalva,2024,2,2024
16614075000100,2024-12-31,Sem Ressalva,2024,1,2024
16670085000155,2024-12-31,Sem Ressalva,2024,1,2024
16676520000159,2024-12-31,Sem Ressalva,2024,1,2024
16811931000100,2024-12-31,Sem Ressalva,2024,1,2024
16838421000126,2024-12-31,Sem Ressalva,2024,2,2024
16922038000151,2024-12-31,Sem Ressalva,2024,1,2024
17155730000164,2024-12-31,Sem Ressalva,2024,1,2024
17157777000167,2024-12-31,Sem Ressalva,2024,1,2024
17159005000164,2024-12-31,Sem Ressalva,2024,1,2024
17159229000176,2024-12-31,Sem Ressalva,2024,1,2024
17161241000115,2024-12-31,Sem Ressalva,2024,1,2024
17162082000173,2024-12-31,Negativa de Opinião,2024,1,2024
17167396000169,2024-12-31,Sem Ressalva,2024,1,2024
17184037000110,2024-12-31,Sem Ressalva,2024,2,2024
17234244000131,2024-12-31,Sem Ressalva,2024,1,2024
17245234000100,2024-12-31,Sem Ressalva,2024,1,2024
17281106000103,2024-12-31,Sem Ressalva,2024,1,2024
17314329000120,2024-12-31,Sem Ressalva,2024,2,2024
17344597000194,2024-12-31,Sem Ressalva,2024,1,2024
17359233000188,2024-12-31,Sem Ressalva,2024,1,2024
17765891000170,2024-12-31,Sem Ressalva,2024,1,2024
18080368000172,2024-12-31,Sem Ressalva,2024,1,2024
18174270000184,2024-12-31,Sem Ressalva,2024,1,2024
18328118000109,2024-12-31,Sem Ressalva,2024,1,2024
18483666000103,2024-12-31,Sem Ressalva,2024,1,2024
18494485000182,2024-12-31,Sem Ressalva,2024,1,2024
18572225000188,2024-12-31,Sem Ressalva,2024,1,2024
18593815000197,2024-12-31,Sem Ressalva,2024,1,2024
18903785000178,2024-12-31,Sem Ressalva,2024,1,2024
19014221000147,2024-12-31,Sem Ressalva,2024,1,2024
19208022000170,2024-12-31,Sem Ressalva,2024,1,2024
19403252000190,2024-12-31,Sem Ressalva,2024,2,2024
19521322000104,2024-12-31,Sem Ressalva,2024,1,2024
19526748000150,2024-12-31,Sem Ressalva,2024,1,2024
19527586000175,2024-12-31,Sem Ressalva,2024,1,2024
19527639000158,2024-12-31,Sem Ressalva,2024,1,2024
19642306000170,2024-12-31,Sem Ressalva,2024,1,2024
20247322000147,2024-12-31,Sem Ressalva,2024,1,2024
20258278000170,2024-12-31,Sem Ressalva,2024,2,2024
20512706000140,2024-12-31,Sem Ressalva,2024,1,2024
20514555000169,2024-12-31,Sem Ressalva,2024,1,2024
20514590000188,2024-12-31,Sem Ressalva,2024,1,2024
21110778000123,2024-12-31,Sem Ressalva,2024,1,2024
21240146000184,2024-12-31,Negativa de Opinião,2024,1,2024
21254073000180,2024-12-31,Sem Ressalva,2024,1,2024
21255567000189,2024-12-31,Negativa de Opinião,2024,1,2024
21314559000166,2024-12-31,Sem Ressalva,2024,2,2024
21389501000181,2024-12-31,Sem Ressalva,2024,1,2024
21414457000112,2024-12-31,Sem Ressalva,2024,1,2024
21728083000100,2024-12-31,Sem Ressalva,2024,1,2024
21748188000120,2024-12-31,Sem Ressalva,2024,1,2024
22163297000149,2024-12-31,Sem Ressalva,2024,1,2024
22261473000185,2024-12-31,Sem Ressalva,2024,1,2024
22266175000188,2024-12-31,Sem Ressalva,2024,1,2024
22543331000100,2024-12-31,Sem Ressalva,2024,1,2024
22677520000176,2024-12-31,Negativa de Opinião,2024,1,2024
23041875000137,2024-12-31,Sem Ressalva,2024,1,2024
23096269000119,2024-12-31,Sem Ressalva,2024,1,2024
23236821000127,2024-12-31,Sem Ressalva,2024,1,2024
23373000000132,2024-12-31,Sem Ressalva,2024,2,2024
23438929000100,2024-12-31,Sem Ressalva,2024,1,2024
23994857000170,2024-12-31,Sem Ressalva,2024,1,2024
24230275000180,2024-12-31,Sem Ressalva,2024,2,2024
24396489000120,2024-12-31,Sem Ressalva,2024,1,2024
24624490000165,2024-12-31,Sem Ressalva,2024,1,2024
24624551000194,2024-12-31,Sem Ressalva,2024,1,2024
24921465000143,2024-12-31,Sem Ressalva,2024,1,2024
24962466000136,2024-12-31,Sem Ressalva,2024,1,2024
24990777000109,2024-12-31,Sem Ressalva,2024,3,2024
25249439000183,2024-12-31,Adverso,2024,2,2024
25369840000157,2024-12-31,Sem Ressalva,2024,1,2024
26072786000146,2024-12-31,Sem Ressalva,2024,1,2024
26345998000150,2024-12-31,Sem Ressalva,2024,1,2024
26462693000128,2024-12-31,Sem Ressalva,2024,1,2024
26609050000164,2024-12-31,Sem Ressalva,2024,3,2024
26659061000159,2024-12-31,Sem Ressalva,2024,1,2024
26664057000189,2024-12-31,Sem Ressalva,2024,1,2024
26845702000160,2024-12-31,Sem Ressalva,2024,1,2024
26982634000180,2024-12-31,Sem Ressalva,2024,3,2024
27093558000115,2024-12-31,Sem Ressalva,2024,1,2024
27137879000174,2024-12-31,Sem Ressalva,2024,1,2024
27157474000106,2024-12-31,Sem Ressalva,2024,1,2024
27743642000137,2024-12-31,Sem Ressalva,2024,2,2024
27902165000296,2024-12-31,Sem Ressalva,2024,1,2024
27956690000103,2024-12-31,Negativa de Opinião,2024,2,2024
27967244000102,2024-12-31,Sem Ressalva,2024,1,2024
28019100000189,2024-12-31,Sem Ressalva,2024,1,2024
28127603000178,2024-12-31,Sem Ressalva,2024,2,2024
28152650000171,2024-12-31,Sem Ressalva,2024,1,2024
28195667000106,2024-12-31,Sem Ressalva,2024,2,2024
28201130000101,2024-12-31,Sem Ressalva,2024,1,2024
28367479000118,2024-12-31,Sem Ressalva,2024,1,2024
28594234000123,2024-12-31,Sem Ressalva,2024,1,2024
28925264000175,2024-12-31,Sem Ressalva,2024,2,2024
28942127000149,2024-12-31,Sem Ressalva,2024,1,2024
29780061000109,2024-12-31,Sem Ressalva,2024,2,2024
29884545000190,2024-12-31,Sem Ressalva,2024,1,2024
29950060000157,2024-12-31,Sem Ressalva,2024,1,2024
29980141000108,2024-12-31,Sem Ressalva,2024,2,2024
30213493000109,2024-12-31,Sem Ressalva,2024,1,2024
30306294000145,2024-12-31,Sem Ressalva,2024,3,2024
30540991000166,2024-12-31,Sem Ressalva,2024,1,2024
31001230000107,2024-12-31,Sem Ressalva,2024,1,2024
31468139000198,2024-12-31,Sem Ressalva,2024,1,2024
31553627000101,2024-12-31,Sem Ressalva,2024,2,2024
31748174000160,2024-12-31,Sem Ressalva,2024,2,2024
32021201000161,2024-12-31,Sem Ressalva,2024,2,2024
32161500000100,2024-12-31,Sem Ressalva,2024,1,2024
32431519000110,2024-12-31,Sem Ressalva,2024,1,2024
32681371000172,2024-12-31,Sem Ressalva,2024,1,2024
32785497000197,2024-12-31,Sem Ressalva,2024,2,2024
33000167000101,2024-12-31,Sem Ressalva,2024,1,2024
33035536000100,2024-12-31,Sem Ressalva,2024,1,2024
33040601000187,2024-12-31,Sem Ressalva,2024,1,2024
33041260065290,2024-12-31,Sem Ressalva,2024,1,2024
33042730000104,2024-12-31,Sem Ressalva,2024,1,2024
33050071000158,2024-12-31,Sem Ressalva,2024,2,2024
33050196000188,2024-12-31,Sem Ressalva,2024,1,2024
33102476000192,2024-12-31,Sem Ressalva,2024,2,2024
33113309000147,2024-12-31,Sem Ressalva,2024,1,2024
33130691000105,2024-12-31,Sem Ressalva,2024,1,2024
33200049000147,2024-12-31,Sem Ressalva,2024,1,2024
33228024000151,2024-12-31,Sem Ressalva,2024,1,2024
33256439000139,2024-12-31,Sem Ressalva,2024,1,2024
33352394000104,2024-12-31,Sem Ressalva,2024,1,2024
33376989000191,2024-12-31,Sem Ressalva,2024,2,2024
33386210000119,2024-12-31,Sem Ressalva,2024,1,2024
33412081000196,2024-12-31,Com Ressalva,2024,1,2024
33453598000123,2024-03-31,Sem Ressalva,2024,1,2024
33467572000134,2024-12-31,Sem Ressalva,2024,2,2024
33541368000116,2024-12-31,Sem Ressalva,2024,1,2024
33572408000197,2024-12-31,Sem Ressalva,2024,1,2024
33592510000154,2024-12-31,Sem Ressalva,2024,3,2024
33611500000119,2024-12-31,Sem Ressalva,2024,2,2024
33839910000111,2024-12-31,Sem Ressalva,2024,1,2024
33938119000169,2024-12-31,Sem Ressalva,2024,1,2024
33958695000178,2024-12-31,Sem Ressalva,2024,1,2024
34169557000172,2024-12-31,Sem Ressalva,2024,1,2024
34274233000102,2024-12-31,Sem Ressalva,2024,1,2024
35522178000187,2024-12-31,Sem Ressalva,2024,1,2024
35593905000105,2024-12-31,Sem Ressalva,2024,1,2024
35654688000108,2024-12-31,Sem Ressalva,2024,2,2024
35727157000106,2024-12-31,Sem Ressalva,2024,1,2024
35764708000101,2024-12-31,Sem Ressalva,2024,1,2024
35791391000194,2024-12-31,Sem Ressalva,2024,2,2024
35822503000127,2024-12-31,Sem Ressalva,2024,2,2024
35980592000130,2024-12-31,Sem Ressalva,2024,1,2024
36146575000164,2024-12-31,Sem Ressalva,2024,2,2024
36542025000164,2024-12-31,Sem Ressalva,2024,1,2024
36763716000198,2024-12-31,Sem Ressalva,2024,1,2024
37663076000107,2024-12-31,Sem Ressalva,2024,1,2024
37702340000174,2024-12-31,Sem Ressalva,2024,1,2024
38042694000100,2024-12-31,Sem Ressalva,2024,1,2024
38199406000118,2024-12-31,Sem Ressalva,2024,1,2024
38286323000166,2024-12-31,Sem Ressalva,2024,1,2024
38307135000177,2024-12-31,Sem Ressalva,2024,1,2024
38456921000136,2024-12-31,Sem Ressalva,2024,4,2024
38482780000126,2024-12-31,Sem Ressalva,2024,2,2024
39115514000128,2024-12-31,Sem Ressalva,2024,1,2024
39580673000101,2024-12-31,Sem Ressalva,2024,1,2024
39881421000104,2024-12-31,Sem Ressalva,2024,1,2024
40159947000164,2024-12-31,Sem Ressalva,2024,1,2024
40263170000183,2024-12-31,Sem Ressalva,2024,1,2024
40337136000106,2024-12-31,Sem Ressalva,2024,1,2024
40480481000102,2024-12-31,Sem Ressalva,2024,1,2024
40593395000106,2024-12-31,Sem Ressalva,2024,1,2024
40997635000120,2024-12-31,Sem Ressalva,2024,1,2024
41052420000107,2024-12-31,Sem Ressalva,2024,1,2024
41096674000119,2024-12-31,Sem Ressalva,2024,1,2024
41335131000107,2024-12-31,Sem Ressalva,2024,1,2024
41508382000146,2024-12-31,Sem Ressalva,2024,1,2024
41570356000148,2024-12-31,Sem Ressalva,2024,1,2024
41886692000102,2024-12-31,Negativa de Opinião,2024,1,2024
42150391000170,2024-12-31,Sem Ressalva,2024,1,2024
42233757000175,2024-12-31,Sem Ressalva,2024,1,2024
42278291000124,2024-12-31,Sem Ressalva,2024,1,2024
42278473000103,2024-12-31,Sem Ressalva,2024,2,2024
42292007000174,2024-12-31,Sem Ressalva,2024,1,2024
42310775000103,2024-12-31,Sem Ressalva,2024,1,2024
42331462000131,2024-12-31,Sem Ressalva,2024,1,2024
42353180000135,2024-12-31,Sem Ressalva,2024,1,2024
42500384000151,2024-12-31,Sem Ressalva,2024,1,2024
42644220000106,2024-12-31,Sem Ressalva,2024,1,2024
42737954000121,2024-12-31,Sem Ressalva,2024,2,2024
42771949000135,2024-12-31,Sem Ressalva,2024,2,2024
43283811000150,2024-12-31,Sem Ressalva,2024,1,2024
43335774000186,2024-12-31,Negativa de Opinião,2024,2,2024
43470988000165,2024-12-31,Sem Ressalva,2024,1,2024
43514079000181,2024-12-31,Sem Ressalva,2024,1,2024
43776517000180,2024-12-31,Sem Ressalva,2024,3,2024
43948405000169,2024-12-31,Sem Ressalva,2024,2,2024
44067725000172,2024-12-31,Sem Ressalva,2024,1,2024
44319688000142,2024-12-31,Sem Ressalva,2024,1,2024
44854238000150,2024-12-31,Sem Ressalva,2024,1,2024
45242914000105,2024-12-31,Sem Ressalva,2024,1,2024
45365558000109,2024-12-31,Sem Ressalva,2024,1,2024
45453214000151,2024-12-31,Sem Ressalva,2024,1,2024
45456117000112,2024-12-31,Sem Ressalva,2024,1,2024
45736131000170,2024-12-31,Sem Ressalva,2024,1,2024
45987245000192,2024-12-31,Sem Ressalva,2024,1,2024
46119855000137,2024-12-31,Sem Ressalva,2024,1,2024
46568486000160,2024-12-31,Sem Ressalva,2024,1,2024
46573272000181,2024-12-31,Sem Ressalva,2024,1,2024
47155252000153,2024-12-31,Sem Ressalva,2024,1,2024
47508411000156,2024-12-31,Sem Ressalva,2024,1,2024
47509120000182,2024-12-31,Sem Ressalva,2024,1,2024
47586663000101,2024-12-31,Sem Ressalva,2024,2,2024
47815827000117,2024-12-31,Sem Ressalva,2024,1,2024
47960950000121,2024-12-31,Sem Ressalva,2024,1,2024
48127008000140,2024-12-31,Sem Ressalva,2024,2,2024
48127012000108,2024-12-31,Sem Ressalva,2024,2,2024
48710127000120,2024-12-31,Sem Ressalva,2024,1,2024
48851242000115,2024-12-31,Sem Ressalva,2024,1,2024
49115815000105,2024-12-31,Sem Ressalva,2024,1,2024
49263189000102,2024-12-31,Sem Ressalva,2024,1,2024
49314049000108,2024-12-31,Sem Ressalva,2024,1,2024
49669856000143,2024-12-31,Sem Ressalva,2024,1,2024
49703913000163,2024-12-31,Sem Ressalva,2024,1,2024
50399553000137,2024-12-31,Sem Ressalva,2024,1,2024
50564053000103,2024-12-31,Negativa de Opinião,2024,1,2024
50746577000115,2024-12-31,Sem Ressalva,2024,1,2024
50926955000142,2024-12-31,Sem Ressalva,2024,2,2024
51128999000190,2024-12-31,Sem Ressalva,2024,1,2024
51136974000138,2024-12-31,Sem Ressalva,2024,2,2024
51137031000120,2024-12-31,Sem Ressalva,2024,1,2024
51218147000193,2024-12-31,Sem Ressalva,2024,2,2024
51430503000138,2024-12-31,Sem Ressalva,2024,1,2024
51466860000156,2024-03-31,Sem Ressalva,2024,1,2024
51742485000120,2024-12-31,Sem Ressalva,2024,1,2024
51928174000150,2024-12-31,Sem Ressalva,2024,2,2024
52017473000103,2024-12-31,Sem Ressalva,2024,1,2024
52270350000171,2024-12-31,Sem Ressalva,2024,2,2024
52475549000136,2024-12-31,Sem Ressalva,2024,2,2024
52548435000179,2024-12-31,Sem Ressalva,2024,1,2024
52805925000103,2024-12-31,Sem Ressalva,2024,1,2024
52810883000107,2024-12-31,Sem Ressalva,2024,2,2024
52841191000118,2024-12-31,Sem Ressalva,2024,2,2024
53113791000122,2024-12-31,Sem Ressalva,2024,1,2024
53153938000108,2024-12-31,Sem Ressalva,2024,1,2024
55231969000165,2024-12-31,Sem Ressalva,2024,1,2024
56444250000175,2024-12-31,Sem Ressalva,2024,1,2024
56643018000166,2024-12-31,Sem Ressalva,2024,1,2024
56720428000163,2024-12-31,Sem Ressalva,2024,2,2024
56992423000190,2024-12-31,Sem Ressalva,2024,1,2024
58070452000120,2024-12-31,Sem Ressalva,2024,1,2024
58119199000151,2024-12-31,Sem Ressalva,2024,1,2024
58430828000160,2024-12-31,Sem Ressalva,2024,1,2024
59105999000186,2024-12-31,Sem Ressalva,2024,1,2024
59285411000113,2024-12-31,Sem Ressalva,2024,1,2024
59418806000147,2024-12-31,Sem Ressalva,2024,2,2024
59546515000134,2024-12-31,Sem Ressalva,2024,1,2024
59717553000102,2024-12-31,Sem Ressalva,2024,1,2024
59789545000171,2024-12-31,Sem Ressalva,2024,1,2024
59981829000165,2024-12-31,Sem Ressalva,2024,1,2024
60398369000479,2024-12-31,Sem Ressalva,2024,2,2024
60444437000146,2024-12-31,Sem Ressalva,2024,1,2024
60476884000187,2024-12-31,Sem Ressalva,2024,1,2024
60537263000166,2024-12-31,Sem Ressalva,2024,1,2024
60543816000193,2024-12-31,Sem Ressalva,2024,1,2024
60651809000105,2024-12-31,Sem Ressalva,2024,1,2024
60665981000118,2024-12-31,Sem Ressalva,2024,1,2024
60730348000166,2024-12-31,Sem Ressalva,2024,1,2024
60746948000112,2024-12-31,Sem Ressalva,2024,1,2024
60840055000131,2024-12-31,Sem Ressalva,2024,1,2024
60851615000153,2024-12-31,Sem Ressalva,2024,1,2024
60872504000123,2024-12-31,Sem Ressalva,2024,1,2024
60884319000159,2024-12-31,Com Ressalva,2024,1,2024
60894730000105,2024-12-31,Sem Ressalva,2024,1,2024
60933603000178,2024-12-31,Sem Ressalva,2024,1,2024
61022042000118,2024-12-31,Sem Ressalva,2024,2,2024
61065298000102,2024-12-31,Sem Ressalva,2024,1,2024
61065751000180,2024-12-31,Negativa de Opinião,2024,3,2024
61079117000105,2024-12-31,Sem Ressalva,2024,3,2024
61080313000191,2024-12-31,Negativa de Opinião,2024,1,2024
61082004000150,2024-12-31,Sem Ressalva,2024,2,2024
61088894000108,2024-12-31,Sem Ressalva,2024,1,2024
61092037000181,2024-12-31,Sem Ressalva,2024,2,2024
61156113000175,2024-12-31,Sem Ressalva,2024,1,2024
61156931000178,2024-12-31,Sem Ressalva,2024,2,2024
61186680000174,2024-12-31,Sem Ressalva,2024,2,2024
61189288000189,2024-12-31,Sem Ressalva,2024,1,2024
61190096000192,2024-12-31,Sem Ressalva,2024,2,2024
61351532000168,2024-12-31,Sem Ressalva,2024,1,2024
61374161000130,2024-12-31,Sem Ressalva,2024,2,2024
61409892000173,2024-12-31,Sem Ressalva,2024,2,2024
61486650000183,2024-12-31,Sem Ressalva,2024,1,2024
61532644000115,2024-12-31,Sem Ressalva,2024,2,2024
61584140000149,2024-12-31,Sem Ressalva,2024,1,2024
61585865000151,2024-12-31,Sem Ressalva,2024,2,2024
61695227000193,2024-12-31,Sem Ressalva,2024,1,2024
61856571000117,2024-12-31,Sem Ressalva,2024,1,2024
62002886000160,2024-12-31,Sem Ressalva,2024,1,2024
62070362000106,2024-12-31,Sem Ressalva,2024,1,2024
62144175000120,2024-12-31,Sem Ressalva,2024,2,2024
62232889000190,2024-12-31,Sem Ressalva,2024,2,2024
62258884000136,2024-12-31,Negativa de Opinião,2024,1,2024
62307848000115,2024-12-31,Sem Ressalva,2024,2,2024
62984091000102,2024-12-31,Sem Ressalva,2024,1,2024
64904295000103,2024-02-28,Sem Ressalva,2024,1,2024
65654303000173,2024-12-31,Sem Ressalva,2024,1,2024
67010660000124,2024-12-31,Sem Ressalva,2024,1,2024
67571414000141,2024-12-31,Negativa de Opinião,2024,1,2024
67620377000114,2024-12-31,Sem Ressalva,2024,1,2024
71208516000174,2024-12-31,Sem Ressalva,2024,1,2024
71476527000135,2024-12-31,Sem Ressalva,2024,1,2024
71673990000177,2024-12-31,Sem Ressalva,2024,1,2024
73178600000118,2024-12-31,Sem Ressalva,2024,1,2024
73903718000161,2024-12-31,Sem Ressalva,2024,1,2024
75315333000109,2024-12-31,Sem Ressalva,2024,1,2024
75609123000123,2024-12-31,Sem Ressalva,2024,2,2024
76483817000120,2024-12-31,Sem Ressalva,2024,1,2024
76484013000145,2024-12-31,Sem Ressalva,2024,1,2024
76535764000143,2024-12-31,Sem Ressalva,2024,1,2024
76627504000106,2024-12-31,Com Ressalva,2024,2,2024
79430682000122,2024-12-31,Sem Ressalva,2024,1,2024
80680093000181,2024-12-31,Sem Ressalva,2024,1,2024
81243735000148,2024-12-31,Sem Ressalva,2024,1,2024
81616807000155,2024-12-31,Sem Ressalva,2024,1,2024
82120676000183,2024-12-31,Sem Ressalva,2024,1,2024
82508433000117,2024-12-31,Sem Ressalva,2024,1,2024
82636986000155,2024-12-31,Negativa de Opinião,2024,1,2024
82640558000104,2024-12-31,Sem Ressalva,2024,1,2024
82643537000134,2024-12-31,Sem Ressalva,2024,1,2024
82901000000127,2024-12-31,Sem Ressalva,2024,1,2024
82981929000103,2024-12-31,Adverso,2024,1,2024
82982075000180,2024-12-31,Sem Ressalva,2024,1,2024
83475913000191,2024-12-31,Sem Ressalva,2024,1,2024
83878892000155,2024-12-31,Sem Ressalva,2024,1,2024
84429695000111,2024-12-31,Sem Ressalva,2024,1,2024
84683374000149,2024-12-31,Sem Ressalva,2024,1,2024
84683408000103,2024-12-31,Sem Ressalva,2024,1,2024
84683671000194,2024-12-31,Sem Ressalva,2024,1,2024
84684455000163,2024-12-31,Sem Ressalva,2024,1,2024
84693183000168,2024-12-31,Sem Ressalva,2024,2,2024
85041333000111,2024-12-31,Sem Ressalva,2024,1,2024
85778074000106,2024-12-31,Sem Ressalva,2024,1,2024
86375425000109,2024-12-31,Sem Ressalva,2024,1,2024
87043832000173,2024-12-31,Sem Ressalva,2024,2,2024
87456562000122,2024-12-31,Sem Ressalva,2024,1,2024
87762563000103,2024-12-31,Sem Ressalva,2024,2,2024
87870952000144,2024-12-31,Sem Ressalva,2024,1,2024
88610126000129,2024-12-31,Sem Ressalva,2024,1,2024
88610191000154,2024-12-31,Sem Ressalva,2024,1,2024
88611835000129,2024-12-31,Sem Ressalva,2024,1,2024
88613658000110,2024-06-30,Sem Ressalva,2024,1,2024
89086144000116,2024-12-31,Sem Ressalva,2024,1,2024
89096457000155,2024-12-31,Sem Ressalva,2024,3,2024
89463822000112,2024-12-31,Sem Ressalva,2024,1,2024
89637490000145,2024-12-31,Sem Ressalva,2024,1,2024
89723993000133,2024-12-31,Sem Ressalva,2024,1,2024
89850341000160,2024-12-31,Sem Ressalva,2024,1,2024
90076886000140,2024-12-31,Sem Ressalva,2024,1,2024
90400888000142,2024-12-31,Sem Ressalva,2024,2,2024
90441460000148,2024-12-31,Sem Ressalva,2024,1,2024
91333666000117,2024-12-31,Sem Ressalva,2024,1,2024
91669747000192,2024-12-31,Sem Ressalva,2024,1,2024
91983056000169,2024-12-31,Sem Ressalva,2024,1,2024
92012467000170,2024-12-31,Sem Ressalva,2024,1,2024
92660570000126,2024-12-31,Sem Ressalva,2024,1,2024
92665611000177,2024-12-31,Sem Ressalva,2024,1,2024
92690783000109,2024-12-31,Sem Ressalva,2024,2,2024
92693019000189,2024-12-31,Sem Ressalva,2024,2,2024
92702067000196,2024-12-31,Sem Ressalva,2024,1,2024
92715812000131,2024-12-31,Sem Ressalva,2024,1,2024
92721232000157,2024-12-31,Sem Ressalva,2024,1,2024
92749225000163,2024-12-31,Sem Ressalva,2024,1,2024
92754738000162,2024-12-31,Sem Ressalva,2024,1,2024
92781335000102,2024-12-31,Sem Ressalva,2024,1,2024
92791243000103,2024-12-31,Sem Ressalva,2024,1,2024
92802784000190,2024-12-31,Sem Ressalva,2024,1,2024
93828986000173,2024-12-31,Sem Ressalva,2024,1,2024
94813102000170,2024-12-31,Sem Ressalva,2024,2,2024
95426862000197,2024-12-31,Sem Ressalva,2024,1,2024
96298013000168,2024-12-31,Sem Ressalva,2024,2,2024
96418264021802,2024-12-31,Sem Ressalva,2024,1,2024
97191902000194,2024-12-31,Sem Ressalva,2024,1,2024
97837181000147,2024-12-31,Sem Ressalva,2024,1,2024
00000000000191,2025-12-31,Sem Ressalva,2025,1,2025
00001180000126,2025-12-31,Sem Ressalva,2025,1,2025
00070698000111,2025-12-31,Sem Ressalva,2025,1,2025
00080671000100,2025-12-31,Sem Ressalva,2025,1,2025
00194724000113,2025-12-31,Sem Ressalva,2025,1,2025
00242184000104,2025-12-31,Sem Ressalva,2025,1,2025
00336701000104,2025-12-31,Sem Ressalva,2025,1,2025
00357038000116,2025-12-31,Sem Ressalva,2025,1,2025
00359742000108,2025-12-31,Negativa de Opinião,2025,2,2025
00383281000109,2025-12-31,Sem Ressalva,2025,1,2025
00389481000179,2025-12-31,Sem Ressalva,2025,1,2025
00644907000193,2025-12-31,Sem Ressalva,2025,1,2025
00743065000127,2025-12-31,Sem Ressalva,2025,1,2025
00776574000156,2025-12-31,Sem Ressalva,2025,1,2025
00864214000106,2025-12-31,Sem Ressalva,2025,3,2025
00873894000124,2025-12-31,Sem Ressalva,2025,1,2025
00897864000158,2025-12-31,Com Ressalva,2025,2,2025
00924429000175,2025-12-31,Sem Ressalva,2025,1,2025
00938574000105,2025-12-31,Sem Ressalva,2025,1,2025
00974211000125,2025-12-31,Sem Ressalva,2025,1,2025
00979969000156,2025-12-31,Sem Ressalva,2025,1,2025
01027058000191,2025-12-31,Sem Ressalva,2025,1,2025
01083200000118,2025-12-31,Sem Ressalva,2025,1,2025
01107327000120,2025-12-31,Sem Ressalva,2025,2,2025
01258944000126,2025-12-31,Sem Ressalva,2025,1,2025
01319044000141,2025-12-31,Sem Ressalva,2025,1,2025
01417222000177,2025-12-31,Sem Ressalva,2025,1,2025
01543032000104,2025-12-31,Sem Ressalva,2025,1,2025
01545826000107,2025-12-31,Sem Ressalva,2025,1,2025
01548981000179,2025-12-31,Sem Ressalva,2025,1,2025
01599101000193,2025-12-31,Sem Ressalva,2025,2,2025
01616929000102,2025-12-31,Sem Ressalva,2025,1,2025
01637895000132,2025-12-31,Sem Ressalva,2025,1,2025
01838723000127,2025-12-31,Sem Ressalva,2025,1,2025
01851771000155,2025-12-31,Sem Ressalva,2025,1,2025
01896779000138,2025-12-31,Sem Ressalva,2025,1,2025
01917818000136,2025-12-31,Sem Ressalva,2025,1,2025
01938783000111,2025-12-31,Sem Ressalva,2025,1,2025
01957772000189,2025-12-31,Sem Ressalva,2025,1,2025
01968293000168,2025-12-31,Sem Ressalva,2025,1,2025
01989044000159,2025-12-31,Sem Ressalva,2025,1,2025
02016440000162,2025-12-31,Sem Ressalva,2025,1,2025
02016507000169,2025-12-31,Sem Ressalva,2025,1,2025
02041460000193,2025-12-31,Sem Ressalva,2025,1,2025
02062747000108,2025-12-31,Sem Ressalva,2025,1,2025
02149205000169,2025-12-31,Sem Ressalva,2025,1,2025
02171304000147,2025-12-31,Sem Ressalva,2025,1,2025
02193750000152,2025-12-31,Sem Ressalva,2025,1,2025
02201787000185,2025-12-31,Sem Ressalva,2025,1,2025
02217319000107,2025-12-31,Com Ressalva,2025,2,2025
02255187000108,2025-12-31,Sem Ressalva,2025,1,2025
02258422000197,2025-12-31,Sem Ressalva,2025,1,2025
02281836000137,2025-12-31,Sem Ressalva,2025,2,2025
02286479000108,2025-12-31,Sem Ressalva,2025,1,2025
02291077000193,2025-12-31,Sem Ressalva,2025,2,2025
02302100000106,2025-12-31,Sem Ressalva,2025,1,2025
02302101000142,2025-12-31,Sem Ressalva,2025,1,2025
02328280000197,2025-12-31,Sem Ressalva,2025,1,2025
02338534000158,2025-12-31,Sem Ressalva,2025,1,2025
02351144000118,2025-12-31,Sem Ressalva,2025,1,2025
02351877000152,2025-12-31,Sem Ressalva,2025,1,2025
02357251000153,2025-12-31,Sem Ressalva,2025,1,2025
02365069000144,2025-12-31,Sem Ressalva,2025,1,2025
02382073000110,2025-12-31,Sem Ressalva,2025,1,2025
02387241000160,2025-12-31,Sem Ressalva,2025,1,2025
02397080000196,2025-12-31,Sem Ressalva,2025,1,2025
02421421000111,2025-12-31,Sem Ressalva,2025,1,2025
02429144000193,2025-12-31,Sem Ressalva,2025,1,2025
02451848000162,2025-12-31,Sem Ressalva,2025,1,2025
02474103000119,2025-12-31,Sem Ressalva,2025,2,2025
02502844000166,2025-12-31,Sem Ressalva,2025,1,2025
02509491000126,2025-12-31,Sem Ressalva,2025,1,2025
02536066000126,2025-12-31,Sem Ressalva,2025,2,2025
02558157000162,2025-12-31,Sem Ressalva,2025,1,2025
02560878000107,2025-12-31,Sem Ressalva,2025,1,2025
02591787000139,2025-12-31,Sem Ressalva,2025,1,2025
02600854000134,2025-12-31,Sem Ressalva,2025,1,2025
02635522000195,2025-03-31,Sem Ressalva,2025,1,2025
02762121000104,2025-12-31,Sem Ressalva,2025,1,2025
02762124000130,2025-12-31,Sem Ressalva,2025,1,2025
02796775000140,2025-12-31,Sem Ressalva,2025,1,2025
02800026000140,2025-12-31,Sem Ressalva,2025,2,2025
02846056000197,2025-12-31,Sem Ressalva,2025,1,2025
02860694000162,2025-12-31,Sem Ressalva,2025,1,2025
02916265000160,2025-12-31,Sem Ressalva,2025,1,2025
02919555000167,2025-12-31,Sem Ressalva,2025,2,2025
02932074000191,2025-12-31,Sem Ressalva,2025,1,2025
02950811000189,2025-12-31,Sem Ressalva,2025,1,2025
02992449000109,2025-12-31,Sem Ressalva,2025,1,2025
02998301000181,2025-12-31,Sem Ressalva,2025,2,2025
02998611000104,2025-12-31,Sem Ressalva,2025,1,2025
03014553000191,2025-12-31,Sem Ressalva,2025,1,2025
03025305000146,2025-12-31,Sem Ressalva,2025,1,2025
03207703000183,2025-12-31,Sem Ressalva,2025,1,2025
03220438000173,2025-12-31,Sem Ressalva,2025,2,2025
03279285000130,2025-12-31,Sem Ressalva,2025,1,2025
03303999000136,2025-12-31,Com Ressalva,2025,1,2025
03342704000130,2025-12-31,Sem Ressalva,2025,1,2025
03378521000175,2025-12-31,Sem Ressalva,2025,1,2025
03467321000199,2025-12-31,Sem Ressalva,2025,1,2025
03538833000107,2025-12-31,Sem Ressalva,2025,1,2025
03758318000124,2025-12-31,Sem Ressalva,2025,1,2025
03820456000196,2025-12-31,Sem Ressalva,2025,1,2025
03847461000192,2025-12-31,Sem Ressalva,2025,1,2025
03853896000140,2025-12-31,Sem Ressalva,2025,1,2025
03983431000103,2025-12-31,Sem Ressalva,2025,1,2025
04030182000102,2025-12-31,Sem Ressalva,2025,1,2025
04031213000131,2025-12-31,Sem Ressalva,2025,2,2025
04032433000180,2025-12-31,Com Ressalva,2025,1,2025
04038763000182,2025-12-31,Sem Ressalva,2025,1,2025
04065053000141,2025-12-31,Sem Ressalva,2025,1,2025
04069709000102,2025-12-31,Sem Ressalva,2025,1,2025
04089570000150,2025-12-31,Sem Ressalva,2025,1,2025
04149454000180,2025-12-31,Sem Ressalva,2025,1,2025
04172213000151,2025-12-31,Sem Ressalva,2025,1,2025
04212396000191,2025-12-31,Sem Ressalva,2025,1,2025
04368865000166,2025-12-31,Com Ressalva,2025,1,2025
04368898000106,2025-12-31,Sem Ressalva,2025,1,2025
04370282000170,2025-12-31,Sem Ressalva,2025,1,2025
04423567000121,2025-12-31,Sem Ressalva,2025,1,2025
04601397000128,2025-12-31,Sem Ressalva,2025,1,2025
04626426000106,2025-12-31,Sem Ressalva,2025,1,2025
04739720000124,2025-12-31,Sem Ressalva,2025,1,2025
04752991000110,2025-12-31,Sem Ressalva,2025,1,2025
04821041000108,2025-12-31,Sem Ressalva,2025,1,2025
04895728000180,2025-12-31,Sem Ressalva,2025,1,2025
04902979000144,2025-12-31,Sem Ressalva,2025,1,2025
04912242000102,2025-12-31,Com Ressalva,2025,1,2025
04913711000108,2025-12-31,Sem Ressalva,2025,1,2025
04972092000122,2025-12-31,Sem Ressalva,2025,1,2025
04986320000113,2025-12-31,Sem Ressalva,2025,1,2025
04992714000184,2025-12-31,Sem Ressalva,2025,1,2025
05197443000138,2025-12-31,Sem Ressalva,2025,1,2025
05336882000184,2025-12-31,Sem Ressalva,2025,1,2025
05878397000132,2025-12-31,Sem Ressalva,2025,1,2025
05917486000140,2025-12-31,Sem Ressalva,2025,1,2025
06047087000139,2025-12-31,Sem Ressalva,2025,1,2025
06057223000171,2025-12-31,Sem Ressalva,2025,1,2025
06164253000187,2025-12-31,Sem Ressalva,2025,2,2025
06267630000103,2025-09-30,Sem Ressalva,2025,1,2025
06272793000184,2025-12-31,Sem Ressalva,2025,1,2025
06347409000165,2025-12-31,Sem Ressalva,2025,1,2025
06626253000151,2025-12-31,Sem Ressalva,2025,1,2025
06977745000191,2025-12-31,Sem Ressalva,2025,1,2025
06981176000158,2025-12-31,Sem Ressalva,2025,2,2025
06981180000116,2025-12-31,Sem Ressalva,2025,1,2025
06981381000113,2025-03-31,Sem Ressalva,2025,1,2025
07040108000157,2025-12-31,Sem Ressalva,2025,1,2025
07043628000113,2025-12-31,Sem Ressalva,2025,1,2025
07047251000170,2025-12-31,Sem Ressalva,2025,1,2025
07119838000148,2025-12-31,Sem Ressalva,2025,1,2025
07206816000115,2025-12-31,Sem Ressalva,2025,1,2025
07237373000120,2025-12-31,Sem Ressalva,2025,1,2025
07253321000147,2025-12-31,Sem Ressalva,2025,1,2025
07275159000168,2025-12-31,Sem Ressalva,2025,1,2025
07282377000120,2025-12-31,Sem Ressalva,2025,1,2025
07334600000135,2025-12-31,Sem Ressalva,2025,1,2025
07401436000131,2025-12-31,Sem Ressalva,2025,1,2025
07415333000120,2025-12-31,Sem Ressalva,2025,1,2025
07526557000100,2025-12-31,Sem Ressalva,2025,1,2025
07594978000178,2025-12-31,Sem Ressalva,2025,1,2025
07628528000159,2025-06-30,Sem Ressalva,2025,1,2025
07636657000199,2025-12-31,Sem Ressalva,2025,1,2025
07659538000151,2025-12-31,Sem Ressalva,2025,1,2025
07682638000107,2025-12-31,Sem Ressalva,2025,1,2025
07689002000189,2025-12-31,Sem Ressalva,2025,1,2025
07714104000107,2025-12-31,Sem Ressalva,2025,1,2025
07802794000156,2025-12-31,Sem Ressalva,2025,1,2025
07816890000153,2025-12-31,Sem Ressalva,2025,1,2025
07820907000146,2025-12-31,Sem Ressalva,2025,1,2025
07823262000103,2025-12-31,Sem Ressalva,2025,1,2025
07857093000114,2025-12-31,Sem Ressalva,2025,1,2025
07859971000130,2025-12-31,Sem Ressalva,2025,1,2025
07882930000165,2025-12-31,Sem Ressalva,2025,1,2025
08065557000112,2025-12-31,Sem Ressalva,2025,1,2025
08070508000178,2025-03-31,Sem Ressalva,2025,1,2025
08078847000109,2025-12-31,Sem Ressalva,2025,1,2025
08100057000174,2025-12-31,Sem Ressalva,2025,1,2025
08159965000133,2025-12-31,Sem Ressalva,2025,1,2025
08170849000115,2025-12-31,Sem Ressalva,2025,1,2025
08213823000107,2025-12-31,Sem Ressalva,2025,1,2025
08262121000113,2025-12-31,Sem Ressalva,2025,1,2025
08294224000165,2025-12-31,Sem Ressalva,2025,1,2025
08312229000173,2025-12-31,Sem Ressalva,2025,1,2025
08322396000103,2025-03-31,Sem Ressalva,2025,1,2025
08324196000181,2025-12-31,Sem Ressalva,2025,1,2025
08343492000120,2025-12-31,Sem Ressalva,2025,1,2025
08364948000138,2025-12-31,Sem Ressalva,2025,1,2025
08397078000101,2025-12-31,Sem Ressalva,2025,1,2025
08402943000152,2025-12-31,Sem Ressalva,2025,1,2025
08424178000171,2025-12-31,Sem Ressalva,2025,2,2025
08439659000150,2025-12-31,Sem Ressalva,2025,1,2025
08467115000100,2025-12-31,Sem Ressalva,2025,1,2025
08534605000174,2025-12-31,Sem Ressalva,2025,1,2025
08560444000193,2025-12-31,Com Ressalva,2025,1,2025
08574411000100,2025-12-31,Sem Ressalva,2025,1,2025
08613550000198,2025-12-31,Sem Ressalva,2025,1,2025
08764621000153,2025-12-31,Sem Ressalva,2025,1,2025
08795211000170,2025-12-31,Sem Ressalva,2025,1,2025
08797760000183,2025-12-31,Sem Ressalva,2025,1,2025
08801621000186,2025-12-31,Sem Ressalva,2025,1,2025
08807432000110,2025-12-31,Sem Ressalva,2025,1,2025
08811643000127,2025-12-31,Sem Ressalva,2025,1,2025
08822767000108,2025-12-31,Sem Ressalva,2025,1,2025
08827501000158,2025-12-31,Sem Ressalva,2025,2,2025
08845676000198,2025-12-31,Sem Ressalva,2025,1,2025
08873873000110,2025-12-31,Sem Ressalva,2025,1,2025
08902291000115,2025-12-31,Sem Ressalva,2025,2,2025
08926302000105,2025-12-31,Sem Ressalva,2025,1,2025
08935054000150,2025-12-31,Sem Ressalva,2025,1,2025
09041168000110,2025-12-31,Sem Ressalva,2025,1,2025
09042817000105,2025-12-31,Sem Ressalva,2025,1,2025
09053134000145,2025-12-31,Sem Ressalva,2025,1,2025
09054385000144,2025-12-31,Com Ressalva,2025,1,2025
09074183000164,2025-12-31,Sem Ressalva,2025,1,2025
09095183000140,2025-12-31,Sem Ressalva,2025,1,2025
09112685000132,2025-12-31,Negativa de Opinião,2025,1,2025
09114805000130,2025-12-31,Sem Ressalva,2025,1,2025
09146451000106,2025-12-31,Sem Ressalva,2025,1,2025
09149503000106,2025-12-31,Sem Ressalva,2025,1,2025
09229201000130,2025-12-31,Sem Ressalva,2025,1,2025
09257877000137,2025-12-31,Sem Ressalva,2025,1,2025
09288252000132,2025-12-31,Sem Ressalva,2025,2,2025
09295063000197,2025-12-31,Sem Ressalva,2025,1,2025
09304427000158,2025-12-31,Sem Ressalva,2025,1,2025
09305994000129,2025-12-31,Sem Ressalva,2025,3,2025
09313969000197,2025-12-31,Sem Ressalva,2025,1,2025
09324949000111,2025-12-31,Sem Ressalva,2025,1,2025
09325109000173,2025-12-31,Sem Ressalva,2025,1,2025
09326342000170,2025-12-31,Sem Ressalva,2025,1,2025
09336431000106,2025-12-31,Sem Ressalva,2025,1,2025
09346601000125,2025-12-31,Sem Ressalva,2025,1,2025
09359927000197,2025-12-31,Sem Ressalva,2025,1,2025
09391823000160,2025-12-31,Sem Ressalva,2025,1,2025
09538973000153,2025-12-31,Sem Ressalva,2025,1,2025
09584854000137,2025-12-31,Sem Ressalva,2025,1,2025
09611768000176,2025-12-31,Sem Ressalva,2025,1,2025
09625321000156,2025-12-31,Sem Ressalva,2025,2,2025
09813204000116,2025-12-31,Sem Ressalva,2025,1,2025
10139870000108,2025-12-31,Sem Ressalva,2025,1,2025
10158356000101,2025-12-31,Sem Ressalva,2025,1,2025
10234027000100,2025-12-31,Sem Ressalva,2025,1,2025
10240186000100,2025-12-31,Sem Ressalva,2025,1,2025
10319900000150,2025-12-31,Sem Ressalva,2025,1,2025
10324624000118,2025-12-31,Sem Ressalva,2025,1,2025
10338320000100,2025-12-31,Sem Ressalva,2025,1,2025
10488244000119,2025-12-31,Sem Ressalva,2025,1,2025
10502676000137,2025-12-31,Sem Ressalva,2025,1,2025
10531501000158,2025-12-31,Sem Ressalva,2025,1,2025
10571175000102,2025-12-31,Sem Ressalva,2025,1,2025
10629105000168,2025-12-31,Sem Ressalva,2025,1,2025
10635691000153,2025-12-31,Sem Ressalva,2025,1,2025
10647979000148,2025-12-31,Sem Ressalva,2025,1,2025
10678505000163,2025-12-31,Sem Ressalva,2025,1,2025
10739356000103,2025-12-31,Sem Ressalva,2025,1,2025
10760260000119,2025-12-31,Sem Ressalva,2025,1,2025
10807374000177,2025-12-31,Sem Ressalva,2025,2,2025
10835932000108,2025-12-31,Sem Ressalva,2025,1,2025
10841050000155,2025-12-31,Sem Ressalva,2025,1,2025
11284204000118,2025-12-31,Sem Ressalva,2025,1,2025
11421994000136,2025-12-31,Sem Ressalva,2025,1,2025
11721921000160,2025-12-31,Sem Ressalva,2025,1,2025
11992680000193,2025-12-31,Sem Ressalva,2025,1,2025
12049631000184,2025-12-31,Sem Ressalva,2025,1,2025
12091809000155,2025-12-31,Com Ressalva,2025,1,2025
12104241000402,2025-12-31,Sem Ressalva,2025,1,2025
12108897000150,2025-12-31,Sem Ressalva,2025,2,2025
12181987000177,2025-12-31,Sem Ressalva,2025,1,2025
12300288000107,2025-12-31,Sem Ressalva,2025,2,2025
12420164000157,2025-12-31,Sem Ressalva,2025,2,2025
12489315000123,2025-12-31,Sem Ressalva,2025,2,2025
12528708000107,2025-12-31,Sem Ressalva,2025,1,2025
12592831000189,2025-12-31,Sem Ressalva,2025,1,2025
12648327000153,2025-12-31,Sem Ressalva,2025,1,2025
13009717000146,2025-12-31,Sem Ressalva,2025,1,2025
13017462000163,2025-12-31,Sem Ressalva,2025,1,2025
13217485000111,2025-12-31,Sem Ressalva,2025,1,2025
13270520000166,2025-12-31,Com Ressalva,2025,1,2025
13444994000187,2025-12-31,Sem Ressalva,2025,1,2025
13574594000196,2025-12-31,Sem Ressalva,2025,1,2025
13783221000478,2025-12-31,Sem Ressalva,2025,1,2025
14110585000107,2025-12-31,Sem Ressalva,2025,1,2025
14127813000151,2025-12-31,Com Ressalva,2025,1,2025
14292540000109,2025-12-31,Sem Ressalva,2025,1,2025
14388334000199,2025-12-31,Sem Ressalva,2025,1,2025
14776142000150,2025-12-31,Sem Ressalva,2025,2,2025
14785152000151,2025-12-31,Sem Ressalva,2025,1,2025
14807945000124,2025-12-31,Sem Ressalva,2025,1,2025
14876090000193,2025-12-31,Sem Ressalva,2025,1,2025
14882295000181,2025-12-31,Sem Ressalva,2025,1,2025
14998371000119,2025-12-31,Sem Ressalva,2025,1,2025
15073274000188,2025-12-31,Sem Ressalva,2025,1,2025
15090690000194,2025-12-31,Sem Ressalva,2025,1,2025
15114494000102,2025-12-31,Sem Ressalva,2025,1,2025
15115504000124,2025-12-31,Sem Ressalva,2025,1,2025
15139629000194,2025-12-31,Sem Ressalva,2025,1,2025
15141799000103,2025-12-31,Sem Ressalva,2025,1,2025
15385166000140,2025-12-31,Sem Ressalva,2025,1,2025
15413826000150,2025-12-31,Sem Ressalva,2025,1,2025
15440708000130,2025-12-31,Sem Ressalva,2025,1,2025
15484093000144,2025-12-31,Sem Ressalva,2025,1,2025
15578569000106,2025-12-31,Sem Ressalva,2025,2,2025
16233389000155,2025-12-31,Negativa de Opinião,2025,1,2025
16234171000115,2025-12-31,Sem Ressalva,2025,1,2025
16404287000155,2025-12-31,Sem Ressalva,2025,1,2025
16590234000176,2025-12-31,Sem Ressalva,2025,1,2025
16614075000100,2025-12-31,Sem Ressalva,2025,1,2025
16670085000155,2025-12-31,Sem Ressalva,2025,1,2025
16676520000159,2025-12-31,Sem Ressalva,2025,2,2025
16811931000100,2025-12-31,Sem Ressalva,2025,1,2025
16922038000151,2025-12-31,Sem Ressalva,2025,1,2025
17155730000164,2025-12-31,Sem Ressalva,2025,1,2025
17159005000164,2025-12-31,Sem Ressalva,2025,1,2025
17159229000176,2025-12-31,Sem Ressalva,2025,1,2025
17161241000115,2025-12-31,Sem Ressalva,2025,1,2025
17162082000173,2025-12-31,Negativa de Opinião,2025,1,2025
17167396000169,2025-12-31,Sem Ressalva,2025,1,2025
17184037000110,2025-12-31,Sem Ressalva,2025,1,2025
17234244000131,2025-12-31,Sem Ressalva,2025,1,2025
17245234000100,2025-12-31,Sem Ressalva,2025,1,2025
17281106000103,2025-12-31,Sem Ressalva,2025,1,2025
17314329000120,2025-12-31,Sem Ressalva,2025,1,2025
17344597000194,2025-12-31,Sem Ressalva,2025,1,2025
17359233000188,2025-12-31,Sem Ressalva,2025,1,2025
17765891000170,2025-12-31,Sem Ressalva,2025,1,2025
18080368000172,2025-12-31,Sem Ressalva,2025,1,2025
18174270000184,2025-12-31,Sem Ressalva,2025,1,2025
18328118000109,2025-12-31,Sem Ressalva,2025,1,2025
18494485000182,2025-12-31,Sem Ressalva,2025,1,2025
18572225000188,2025-12-31,Sem Ressalva,2025,1,2025
18593815000197,2025-12-31,Sem Ressalva,2025,1,2025
18903785000178,2025-12-31,Sem Ressalva,2025,1,2025
19014221000147,2025-12-31,Sem Ressalva,2025,2,2025
19208022000170,2025-12-31,Sem Ressalva,2025,1,2025
19403252000190,2025-12-31,Sem Ressalva,2025,1,2025
19521322000104,2025-12-31,Sem Ressalva,2025,1,2025
19526748000150,2025-12-31,Sem Ressalva,2025,1,2025
19527586000175,2025-12-31,Sem Ressalva,2025,1,2025
19527639000158,2025-12-31,Sem Ressalva,2025,1,2025
19642306000170,2025-12-31,Sem Ressalva,2025,1,2025
20247322000147,2025-12-31,Sem Ressalva,2025,1,2025
20258278000170,2025-12-31,Sem Ressalva,2025,1,2025
20512706000140,2025-12-31,Sem Ressalva,2025,3,2025
20514555000169,2025-12-31,Sem Ressalva,2025,2,2025
20514590000188,2025-12-31,Sem Ressalva,2025,2,2025
21110778000123,2025-12-31,Sem Ressalva,2025,1,2025
21254073000180,2025-12-31,Sem Ressalva,2025,1,2025
21314559000166,2025-12-31,Sem Ressalva,2025,1,2025
21389501000181,2025-12-31,Sem Ressalva,2025,1,2025
21414457000112,2025-12-31,Sem Ressalva,2025,1,2025
21728083000100,2025-12-31,Sem Ressalva,2025,2,2025
21748188000120,2025-12-31,Sem Ressalva,2025,1,2025
22163297000149,2025-12-31,Sem Ressalva,2025,1,2025
22261473000185,2025-12-31,Sem Ressalva,2025,1,2025
22266175000188,2025-12-31,Sem Ressalva,2025,1,2025
22543331000100,2025-12-31,Sem Ressalva,2025,1,2025
23096269000119,2025-12-31,Sem Ressalva,2025,2,2025
23236821000127,2025-12-31,Sem Ressalva,2025,1,2025
23373000000132,2025-12-31,Sem Ressalva,2025,1,2025
23438929000100,2025-12-31,Sem Ressalva,2025,1,2025
23994857000170,2025-12-31,Sem Ressalva,2025,1,2025
24230275000180,2025-12-31,Sem Ressalva,2025,2,2025
24396489000120,2025-12-31,Sem Ressalva,2025,1,2025
24624490000165,2025-12-31,Sem Ressalva,2025,2,2025
24624551000194,2025-12-31,Sem Ressalva,2025,3,2025
24921465000143,2025-12-31,Sem Ressalva,2025,2,2025
24962466000136,2025-12-31,Sem Ressalva,2025,1,2025
24990777000109,2025-12-31,Sem Ressalva,2025,1,2025
25249439000183,2025-12-31,Com Ressalva,2025,1,2025
25369840000157,2025-12-31,Sem Ressalva,2025,1,2025
26345998000150,2025-12-31,Sem Ressalva,2025,1,2025
26462693000128,2025-12-31,Sem Ressalva,2025,1,2025
26609050000164,2025-12-31,Sem Ressalva,2025,1,2025
26659061000159,2025-12-31,Sem Ressalva,2025,1,2025
26664057000189,2025-12-31,Sem Ressalva,2025,1,2025
26845702000160,2025-12-31,Sem Ressalva,2025,2,2025
26982634000180,2025-12-31,Sem Ressalva,2025,1,2025
27093558000115,2025-12-31,Sem Ressalva,2025,1,2025
27137879000174,2025-12-31,Sem Ressalva,2025,1,2025
27157474000106,2025-12-31,Sem Ressalva,2025,1,2025
27743642000137,2025-12-31,Sem Ressalva,2025,2,2025
27902165000296,2025-12-31,Sem Ressalva,2025,1,2025
27967244000102,2025-12-31,Sem Ressalva,2025,1,2025
28019100000189,2025-12-31,Sem Ressalva,2025,1,2025
28127603000178,2025-12-31,Sem Ressalva,2025,2,2025
28152650000171,2025-12-31,Sem Ressalva,2025,1,2025
28195667000106,2025-12-31,Sem Ressalva,2025,1,2025
28201130000101,2025-12-31,Sem Ressalva,2025,1,2025
28367479000118,2025-12-31,Sem Ressalva,2025,1,2025
28594234000123,2025-12-31,Sem Ressalva,2025,1,2025
28925264000175,2025-12-31,Sem Ressalva,2025,1,2025
28942127000149,2025-12-31,Sem Ressalva,2025,1,2025
29780061000109,2025-12-31,Sem Ressalva,2025,1,2025
29884545000190,2025-12-31,Sem Ressalva,2025,1,2025
29980141000108,2025-12-31,Sem Ressalva,2025,1,2025
30213493000109,2025-12-31,Sem Ressalva,2025,1,2025
30306294000145,2025-12-31,Sem Ressalva,2025,2,2025
30540991000166,2025-12-31,Sem Ressalva,2025,1,2025
31001230000107,2025-12-31,Sem Ressalva,2025,1,2025
31468139000198,2025-12-31,Sem Ressalva,2025,1,2025
31553627000101,2025-12-31,Sem Ressalva,2025,2,2025
31748174000160,2025-12-31,Sem Ressalva,2025,1,2025
32021201000161,2025-12-31,Sem Ressalva,2025,1,2025
32161500000100,2025-12-31,Sem Ressalva,2025,1,2025
32431519000110,2025-12-31,Sem Ressalva,2025,1,2025
32681371000172,2025-12-31,Sem Ressalva,2025,1,2025
33000167000101,2025-12-31,Sem Ressalva,2025,1,2025
33035536000100,2025-12-31,Sem Ressalva,2025,1,2025
33040601000187,2025-12-31,Sem Ressalva,2025,1,2025
33041260065290,2025-12-31,Sem Ressalva,2025,1,2025
33042730000104,2025-12-31,Sem Ressalva,2025,1,2025
33050071000158,2025-12-31,Sem Ressalva,2025,1,2025
33050196000188,2025-12-31,Sem Ressalva,2025,1,2025
33113309000147,2025-12-31,Sem Ressalva,2025,3,2025
33200049000147,2025-12-31,Sem Ressalva,2025,1,2025
33228024000151,2025-12-31,Sem Ressalva,2025,1,2025
33256439000139,2025-12-31,Sem Ressalva,2025,1,2025
33352394000104,2025-12-31,Sem Ressalva,2025,1,2025
33376989000191,2025-12-31,Sem Ressalva,2025,3,2025
33386210000119,2025-12-31,Sem Ressalva,2025,1,2025
33453598000123,2025-03-31,Sem Ressalva,2025,1,2025
33467572000134,2025-12-31,Sem Ressalva,2025,1,2025
33541368000116,2025-12-31,Sem Ressalva,2025,1,2025
33572408000197,2025-12-31,Sem Ressalva,2025,1,2025
33592510000154,2025-12-31,Sem Ressalva,2025,2,2025
33611500000119,2025-12-31,Sem Ressalva,2025,1,2025
33839910000111,2025-12-31,Sem Ressalva,2025,1,2025
33938119000169,2025-12-31,Sem Ressalva,2025,1,2025
33958695000178,2025-12-31,Sem Ressalva,2025,1,2025
34169557000172,2025-12-31,Sem Ressalva,2025,1,2025
34274233000102,2025-12-31,Sem Ressalva,2025,1,2025
35522178000187,2025-12-31,Sem Ressalva,2025,1,2025
35593905000105,2025-12-31,Sem Ressalva,2025,1,2025
35654688000108,2025-12-31,Sem Ressalva,2025,1,2025
35727157000106,2025-12-31,Sem Ressalva,2025,1,2025
35764708000101,2025-12-31,Sem Ressalva,2025,1,2025
35791391000194,2025-12-31,Sem Ressalva,2025,1,2025
35822503000127,2025-12-31,Sem Ressalva,2025,3,2025
35980592000130,2025-12-31,Sem Ressalva,2025,1,2025
36146575000164,2025-12-31,Sem Ressalva,2025,1,2025
36542025000164,2025-12-31,Sem Ressalva,2025,1,2025
36763716000198,2025-12-31,Sem Ressalva,2025,1,2025
37663076000107,2025-12-31,Sem Ressalva,2025,1,2025
37702340000174,2025-12-31,Sem Ressalva,2025,1,2025
38042694000100,2025-12-31,Sem Ressalva,2025,1,2025
38199406000118,2025-12-31,Sem Ressalva,2025,1,2025
38286323000166,2025-12-31,Sem Ressalva,2025,1,2025
38307135000177,2025-12-31,Sem Ressalva,2025,1,2025
38456921000136,2025-12-31,Sem Ressalva,2025,1,2025
39115514000128,2025-12-31,Sem Ressalva,2025,1,2025
39580673000101,2025-12-31,Sem Ressalva,2025,1,2025
39881421000104,2025-12-31,Sem Ressalva,2025,1,2025
40159947000164,2025-12-31,Sem Ressalva,2025,1,2025
40263170000183,2025-12-31,Sem Ressalva,2025,1,2025
40337136000106,2025-12-31,Sem Ressalva,2025,1,2025
40997635000120,2025-12-31,Sem Ressalva,2025,1,2025
41052420000107,2025-12-31,Sem Ressalva,2025,2,2025
41096674000119,2025-12-31,Sem Ressalva,2025,1,2025
41508382000146,2025-12-31,Sem Ressalva,2025,1,2025
41570356000148,2025-12-31,Sem Ressalva,2025,3,2025
41886692000102,2025-12-31,Com Ressalva,2025,1,2025
42150391000170,2025-12-31,Sem Ressalva,2025,1,2025
42233757000175,2025-12-31,Sem Ressalva,2025,1,2025
42276907000128,2025-12-31,Sem Ressalva,2025,1,2025
42278291000124,2025-12-31,Sem Ressalva,2025,1,2025
42278473000103,2025-12-31,Sem Ressalva,2025,1,2025
42292007000174,2025-12-31,Sem Ressalva,2025,1,2025
42310775000103,2025-12-31,Sem Ressalva,2025,3,2025
42331462000131,2025-12-31,Sem Ressalva,2025,1,2025
42353180000135,2025-12-31,Sem Ressalva,2025,1,2025
42500384000151,2025-12-31,Sem Ressalva,2025,1,2025
42644220000106,2025-12-31,Sem Ressalva,2025,3,2025
42737954000121,2025-12-31,Sem Ressalva,2025,2,2025
42771949000135,2025-12-31,Com Ressalva,2025,1,2025
43283811000150,2025-12-31,Sem Ressalva,2025,1,2025
43335774000186,2025-12-31,Negativa de Opinião,2025,1,2025
43470988000165,2025-12-31,Sem Ressalva,2025,1,2025
43514079000181,2025-12-31,Sem Ressalva,2025,1,2025
43776517000180,2025-12-31,Sem Ressalva,2025,2,2025
43948405000169,2025-12-31,Sem Ressalva,2025,1,2025
44067725000172,2025-12-31,Sem Ressalva,2025,1,2025
44319688000142,2025-12-31,Sem Ressalva,2025,1,2025
44854238000150,2025-12-31,Sem Ressalva,2025,1,2025
45242914000105,2025-12-31,Sem Ressalva,2025,1,2025
45365558000109,2025-12-31,Sem Ressalva,2025,1,2025
45453214000151,2025-12-31,Sem Ressalva,2025,2,2025
45456117000112,2025-12-31,Sem Ressalva,2025,1,2025
45736131000170,2025-12-31,Sem Ressalva,2025,1,2025
45987245000192,2025-12-31,Sem Ressalva,2025,1,2025
46119855000137,2025-12-31,Sem Ressalva,2025,1,2025
46568486000160,2025-12-31,Sem Ressalva,2025,1,2025
46573272000181,2025-12-31,Sem Ressalva,2025,1,2025
47155252000153,2025-12-31,Sem Ressalva,2025,1,2025
47508411000156,2025-12-31,Sem Ressalva,2025,1,2025
47509120000182,2025-12-31,Sem Ressalva,2025,1,2025
47586663000101,2025-12-31,Sem Ressalva,2025,1,2025
47815827000117,2025-12-31,Sem Ressalva,2025,1,2025
47960950000121,2025-12-31,Sem Ressalva,2025,1,2025
48127008000140,2025-12-31,Sem Ressalva,2025,1,2025
48127012000108,2025-12-31,Sem Ressalva,2025,1,2025
48710127000120,2025-12-31,Sem Ressalva,2025,1,2025
48851242000115,2025-12-31,Sem Ressalva,2025,1,2025
49115815000105,2025-12-31,Sem Ressalva,2025,1,2025
49263189000102,2025-12-31,Sem Ressalva,2025,1,2025
49314049000108,2025-12-31,Sem Ressalva,2025,1,2025
49669856000143,2025-12-31,Sem Ressalva,2025,1,2025
49703913000163,2025-12-31,Sem Ressalva,2025,1,2025
50399553000137,2025-12-31,Sem Ressalva,2025,1,2025
50564053000103,2025-12-31,Sem Ressalva,2025,1,2025
50746577000115,2025-12-31,Sem Ressalva,2025,1,2025
50926955000142,2025-12-31,Sem Ressalva,2025,1,2025
51128999000190,2025-12-31,Sem Ressalva,2025,1,2025
51136974000138,2025-12-31,Sem Ressalva,2025,1,2025
51137031000120,2025-12-31,Sem Ressalva,2025,1,2025
51218147000193,2025-12-31,Sem Ressalva,2025,1,2025
51430503000138,2025-12-31,Sem Ressalva,2025,1,2025
51466860000156,2025-03-31,Sem Ressalva,2025,1,2025
51742485000120,2025-12-31,Sem Ressalva,2025,2,2025
51928174000150,2025-12-31,Sem Ressalva,2025,1,2025
52017473000103,2025-12-31,Sem Ressalva,2025,1,2025
52270350000171,2025-12-31,Sem Ressalva,2025,3,2025
52475549000136,2025-12-31,Sem Ressalva,2025,1,2025
52548435000179,2025-12-31,Sem Ressalva,2025,1,2025
52805925000103,2025-12-31,Sem Ressalva,2025,1,2025
52810883000107,2025-12-31,Sem Ressalva,2025,1,2025
52841191000118,2025-12-31,Sem Ressalva,2025,2,2025
53113791000122,2025-12-31,Sem Ressalva,2025,1,2025
53153938000108,2025-12-31,Sem Ressalva,2025,1,2025
55231969000165,2025-12-31,Sem Ressalva,2025,1,2025
56444250000175,2025-12-31,Sem Ressalva,2025,1,2025
56643018000166,2025-12-31,Sem Ressalva,2025,1,2025
56720428000163,2025-12-31,Sem Ressalva,2025,2,2025
56992423000190,2025-12-31,Sem Ressalva,2025,1,2025
58056046000102,2025-12-31,Sem Ressalva,2025,1,2025
58070452000120,2025-12-31,Sem Ressalva,2025,1,2025
58119199000151,2025-12-31,Sem Ressalva,2025,1,2025
58430828000160,2025-12-31,Sem Ressalva,2025,2,2025
59105999000186,2025-12-31,Sem Ressalva,2025,1,2025
59115685000164,2025-12-31,Sem Ressalva,2025,2,2025
59196897000113,2025-12-31,Sem Ressalva,2025,1,2025
59418806000147,2025-12-31,Sem Ressalva,2025,1,2025
59546515000134,2025-12-31,Sem Ressalva,2025,1,2025
59693110000129,2025-12-31,Sem Ressalva,2025,1,2025
59717553000102,2025-12-31,Sem Ressalva,2025,1,2025
59789545000171,2025-12-31,Sem Ressalva,2025,1,2025
59981829000165,2025-12-31,Sem Ressalva,2025,1,2025
60398369000479,2025-12-31,Sem Ressalva,2025,1,2025
60444437000146,2025-12-31,Sem Ressalva,2025,1,2025
60476884000187,2025-12-31,Sem Ressalva,2025,1,2025
60537263000166,2025-12-31,Sem Ressalva,2025,1,2025
60543816000193,2025-12-31,Sem Ressalva,2025,1,2025
60651809000105,2025-12-31,Sem Ressalva,2025,1,2025
60665981000118,2025-12-31,Sem Ressalva,2025,1,2025
60730348000166,2025-12-31,Sem Ressalva,2025,1,2025
60746948000112,2025-12-31,Sem Ressalva,2025,2,2025
60840055000131,2025-12-31,Sem Ressalva,2025,1,2025
60851615000153,2025-12-31,Sem Ressalva,2025,1,2025
60872504000123,2025-12-31,Sem Ressalva,2025,2,2025
60884319000159,2025-12-31,Com Ressalva,2025,1,2025
60894730000105,2025-12-31,Sem Ressalva,2025,1,2025
60933603000178,2025-12-31,Sem Ressalva,2025,1,2025
61022042000118,2025-12-31,Sem Ressalva,2025,1,2025
61065298000102,2025-12-31,Sem Ressalva,2025,1,2025
61065751000180,2025-12-31,Com Ressalva,2025,1,2025
61067901000195,2025-12-31,Sem Ressalva,2025,1,2025
61067902000130,2025-12-31,Sem Ressalva,2025,1,2025
61067904000129,2025-12-31,Sem Ressalva,2025,1,2025
61079117000105,2025-12-31,Sem Ressalva,2025,1,2025
61080313000191,2025-12-31,Negativa de Opinião,2025,1,2025
61082004000150,2025-12-31,Com Ressalva,2025,1,2025
61088894000108,2025-12-31,Sem Ressalva,2025,1,2025
61092037000181,2025-12-31,Sem Ressalva,2025,3,2025
61156113000175,2025-12-31,Sem Ressalva,2025,1,2025
61156931000178,2025-12-31,Sem Ressalva,2025,1,2025
61186680000174,2025-12-31,Sem Ressalva,2025,1,2025
61189288000189,2025-12-31,Com Ressalva,2025,1,2025
61190096000192,2025-12-31,Sem Ressalva,2025,1,2025
61351532000168,2025-12-31,Sem Ressalva,2025,1,2025
61374161000130,2025-12-31,Sem Ressalva,2025,1,2025
61409892000173,2025-12-31,Sem Ressalva,2025,1,2025
61486650000183,2025-12-31,Sem Ressalva,2025,1,2025
61532644000115,2025-12-31,Sem Ressalva,2025,1,2025
61584140000149,2025-12-31,Sem Ressalva,2025,1,2025
61585865000151,2025-12-31,Sem Ressalva,2025,1,2025
61695227000193,2025-12-31,Sem Ressalva,2025,1,2025
61856571000117,2025-12-31,Sem Ressalva,2025,1,2025
62002886000160,2025-12-31,Sem Ressalva,2025,1,2025
62070362000106,2025-12-31,Sem Ressalva,2025,1,2025
62144175000120,2025-12-31,Sem Ressalva,2025,3,2025
62232889000190,2025-12-31,Sem Ressalva,2025,2,2025
62258884000136,2025-12-31,Negativa de Opinião,2025,1,2025
62307848000115,2025-12-31,Sem Ressalva,2025,1,2025
62984091000102,2025-12-31,Sem Ressalva,2025,1,2025
64904295000103,2025-02-28,Sem Ressalva,2025,1,2025
65654303000173,2025-12-31,Sem Ressalva,2025,1,2025
67010660000124,2025-12-31,Sem Ressalva,2025,1,2025
67571414000141,2025-12-31,Sem Ressalva,2025,3,2025
67620377000114,2025-12-31,Sem Ressalva,2025,1,2025
71208516000174,2025-12-31,Sem Ressalva,2025,1,2025
71476527000135,2025-12-31,Sem Ressalva,2025,1,2025
71673990000177,2025-12-31,Sem Ressalva,2025,1,2025
73178600000118,2025-12-31,Sem Ressalva,2025,1,2025
73903718000161,2025-12-31,Sem Ressalva,2025,1,2025
75609123000123,2025-12-31,Sem Ressalva,2025,1,2025
76483817000120,2025-12-31,Sem Ressalva,2025,1,2025
76484013000145,2025-12-31,Sem Ressalva,2025,1,2025
76627504000106,2025-12-31,Com Ressalva,2025,1,2025
79430682000122,2025-12-31,Sem Ressalva,2025,1,2025
80680093000181,2025-12-31,Sem Ressalva,2025,1,2025
81243735000148,2025-12-31,Sem Ressalva,2025,1,2025
81616807000155,2025-12-31,Sem Ressalva,2025,1,2025
82120676000183,2025-12-31,Sem Ressalva,2025,1,2025
82508433000117,2025-12-31,Sem Ressalva,2025,2,2025
82640558000104,2025-12-31,Sem Ressalva,2025,1,2025
82643537000134,2025-12-31,Sem Ressalva,2025,1,2025
82901000000127,2025-12-31,Sem Ressalva,2025,1,2025
82981929000103,2025-12-31,Adverso,2025,1,2025
82982075000180,2025-12-31,Sem Ressalva,2025,1,2025
83475913000191,2025-12-31,Sem Ressalva,2025,1,2025
83878892000155,2025-12-31,Sem Ressalva,2025,1,2025
84429695000111,2025-12-31,Sem Ressalva,2025,1,2025
84683374000149,2025-12-31,Sem Ressalva,2025,1,2025
84683408000103,2025-12-31,Sem Ressalva,2025,1,2025
84683671000194,2025-12-31,Sem Ressalva,2025,1,2025
84684455000163,2025-12-31,Sem Ressalva,2025,1,2025
84693183000168,2025-12-31,Sem Ressalva,2025,1,2025
85778074000106,2025-12-31,Sem Ressalva,2025,1,2025
86375425000109,2025-12-31,Sem Ressalva,2025,1,2025
87043832000173,2025-12-31,Sem Ressalva,2025,1,2025
87456562000122,2025-12-31,Sem Ressalva,2025,1,2025
87762563000103,2025-12-31,Sem Ressalva,2025,1,2025
87870952000144,2025-12-31,Sem Ressalva,2025,1,2025
88610126000129,2025-12-31,Sem Ressalva,2025,1,2025
88610191000154,2025-12-31,Sem Ressalva,2025,1,2025
88611835000129,2025-12-31,Sem Ressalva,2025,1,2025
88613658000110,2025-06-30,Sem Ressalva,2025,1,2025
89086144000116,2025-12-31,Sem Ressalva,2025,1,2025
89096457000155,2025-12-31,Sem Ressalva,2025,1,2025
89463822000112,2025-12-31,Sem Ressalva,2025,1,2025
89637490000145,2025-12-31,Sem Ressalva,2025,1,2025
89723993000133,2025-12-31,Sem Ressalva,2025,1,2025
89850341000160,2025-12-31,Sem Ressalva,2025,1,2025
90076886000140,2025-12-31,Sem Ressalva,2025,1,2025
90400888000142,2025-12-31,Sem Ressalva,2025,2,2025
90441460000148,2025-12-31,Sem Ressalva,2025,1,2025
91333666000117,2025-12-31,Sem Ressalva,2025,2,2025
91983056000169,2025-12-31,Sem Ressalva,2025,1,2025
92012467000170,2025-12-31,Sem Ressalva,2025,1,2025
92660570000126,2025-12-31,Sem Ressalva,2025,1,2025
92665611000177,2025-12-31,Sem Ressalva,2025,1,2025
92690783000109,2025-12-31,Sem Ressalva,2025,1,2025
92693019000189,2025-12-31,Sem Ressalva,2025,1,2025
92702067000196,2025-12-31,Sem Ressalva,2025,1,2025
92715812000131,2025-12-31,Sem Ressalva,2025,1,2025
92749225000163,2025-12-31,Sem Ressalva,2025,1,2025
92754738000162,2025-12-31,Sem Ressalva,2025,2,2025
92781335000102,2025-12-31,Sem Ressalva,2025,1,2025
92791243000103,2025-12-31,Sem Ressalva,2025,1,2025
92802784000190,2025-12-31,Sem Ressalva,2025,1,2025
93828986000173,2025-12-31,Sem Ressalva,2025,1,2025
94813102000170,2025-12-31,Sem Ressalva,2025,1,2025
95426862000197,2025-12-31,Sem Ressalva,2025,1,2025
96298013000168,2025-12-31,Sem Ressalva,2025,1,2025
96418264021802,2025-12-31,Sem Ressalva,2025,1,2025
97191902000194,2025-12-31,Sem Ressalva,2025,1,2025
97837181000147,2025-12-31,Sem Ressalva,2025,1,2025
